label,direct,direct_raw,formal,formal_raw,concise,concise_raw,analyst,analyst_raw,definition,definition_raw
1,1,"The sentiment in the sentence ""it's a charming and often affecting journey"" is positive. The words",1,"The sentiment expressed in the sentence ""it's a charming and often affecting journey"" is positive. The",1,"The sentiment of the given sentence ""it's a charming and often affecting journey"" is positive.

This",1,"The sentiment of the statement ""it's a charming and often affecting journey"" is positive. 

This",1,"The sentence ""it's a charming and often affecting journey"" expresses a positive sentiment. The words """
0,0,"The sentiment in the sentence ""unflinchingly bleak and desperate"" is negative. The words """,0,"The sentiment expressed in the sentence ""unflinchingly bleak and desperate"" is negative. The words",0,"The sentiment described by the phrase ""unflinchingly bleak and desperate"" is negative. 

Key",0,"The sentiment of the phrase ""unflinchingly bleak and desperate"" is negative. It conveys",0,"The sentence ""unflinchingly bleak and desperate"" contains elements that suggest a negative sentiment. The"
1,1,"The sentiment in this sentence appears to be positive. The phrase ""poised to embark on"" suggests",1,"The sentiment expressed in the sentence is positive. The phrase ""poised to embark"" suggests readiness and",1,"The sentiment in the given sentence is positive. The phrase ""poised to embark"" suggests an upcoming",1,"The sentiment of the statement can be classified as positive. The phrase ""poised to embark"" suggests",-1,"The sentence ""allows us to hope that Nolan is poised to embark on a major career as a commercial"
1,1,"The sentiment of the sentence is positive. The use of words like ""astonishing"" and phrases such",1,"The sentiment expressed in the sentence is positive. The use of words like ""astonishing"" and phrases",1,"The sentiment expressed in this statement is positive. The use of words like ""astonishing"" and phrases",1,"The sentiment of the statement is positive. The use of words like ""astounding"" to describe various",1,"The sentence expresses a very positive sentiment. It highlights multiple aspects of the production (acting, costumes,"
0,0,"The sentiment in the sentence ""it's slow -- very, very slow"" is negative. The repetition",0,"The sentiment expressed in the sentence ""it's slow -- very, very slow"" is negative. The",0,"Based on the given sentence ""it's slow -- very, very slow,"" the sentiment is negative.",0,"The sentiment of the statement ""it's slow -- very, very slow"" is negative. The repetition",0,"The sentence ""it's slow -- very, very slow"" expresses a negative sentiment. The use of"
1,1,"The sentiment in this sentence can be classified as positive. Despite mentioning that the film has ""a few",1,"The sentiment expressed in the sentence is mixed but leans slightly positive. The phrase ""refreshingly serious""",1,"The sentiment of the given sentence can be classified as positive. The phrase ""refreshingly serious"" indicates",-1,"The sentiment of the statement can be analyzed as follows:

- ""laced with humor"" suggests an",1,"To classify the sentiment of this sentence, let's break it down:

1. **Positive Elements:**"
0,0,"The sentiment in the sentence ""a sometimes tedious film"" is mixed but leans slightly negative. The word",0,"The sentiment expressed in the sentence ""a sometimes tedious film"" is negative. The word ""tedious",0,"The sentiment expressed in the phrase ""a sometimes tedious film"" is negative. The word ""tedious",0,"The sentiment of the statement ""a sometimes tedious film"" can be classified as slightly negative. The word",0,"The sentence ""a sometimes tedious film"" expresses a negative sentiment. The word ""tedious"" has"
0,0,"The sentence ""or doing last year's taxes with your ex-wife"" expresses a negative sentiment. The",-1,"The sentiment expressed in the sentence ""doing last year's taxes with your ex-wife"" leans more towards",0,"The sentiment of the phrase ""doing last year's taxes with your ex-wife"" is negative. The",0,"The statement ""doing last year's taxes with your ex-wife"" has a slightly negative sentiment. The",-1,"The sentence ""doing last year's taxes with your ex-wife"" contains mixed sentiment and could be seen"
1,1,"The sentiment in this sentence is positive. The phrase ""appreciate the film's easygoing blend",1,The sentiment expressed in the sentence is positive. The sentence suggests that one doesn't need to be knowledgeable,1,"The sentiment in the given statement is positive.

This sentence suggests that one doesn't need to be knowledgeable",1,"The sentiment of the statement can be classified as positive. The phrase ""easygoing blend of comedy and",1,This sentence can be classified as positive. It suggests that one doesn't need to understand music to enjoy
0,0,"The sentiment in this sentence is negative. The phrase ""utter turkey"" indicates a very poor quality or",0,"The sentiment expressed in the given sentence is negative. The use of phrases like ""most of which passed",0,"The sentiment in this sentence is negative. The phrase ""slowly as if I'd been sitting naked",0,"The sentiment of this statement is negative. The phrase ""most of which passed as slowly as if I",0,"The sentence contains mixed sentiments, but overall it leans more towards negative. The phrase ""utter turkey"""
1,1,"The sentiment in this sentence is positive. The use of words like ""mesmerizing,"" ""keep",1,"The sentiment expressed in the sentence is positive. The words ""mesmerizing,"" ""grounded,""",1,"The sentiment in the given statement is positive.

The phrase ""mesmerizing performances of the leads""",-1,"The sentiment of the statement ""the mesmerizing performances of the leads keep the film grounded and keep the",-1,"The sentence ""the mesmerizing performances of the leads keep the film grounded and keep the audience riveted"
0,0,"The sentiment expressed in this sentence is negative. The phrase ""waste the talents"" indicates disappointment and",0,"The sentiment expressed in the sentence is negative. The phrase ""waste the talents"" implies criticism and",0,"The sentiment in this sentence is negative. The phrase ""waste the talents"" implies a criticism or",0,"The sentiment of this statement is negative. The phrase ""waste the talents"" implies criticism and disappointment",0,The sentence contains a negative sentiment. It criticizes the decision to cast such talented actors (Robert For
0,0,"The sentiment in the given sentence is negative. The phrase ""suffers from a lack of humor""",0,"The sentiment expressed in the sentence is negative. The phrase ""suffers from a lack of"" indicates",0,"The sentiment expressed in the given sentence is negative. The phrase ""the film suffers from a lack of",0,"The sentiment of the statement is negative. The phrase ""suffers from a lack of humor"" indicates",-1,"The sentence ""the film suffers from a lack of humor (something needed to balance out the violence)"""
1,0,"The sentiment in this sentence appears to be slightly negative. The phrase ""root for"" and ""even",0,"The sentiment expressed in the sentence can be considered somewhat negative or lukewarm. The phrase ""even",0,"The sentiment in the given sentence leans more towards negative. The phrase ""even like them"" indicates a",0,"The sentiment of this statement can be classified as slightly negative. The phrase ""root for"" suggests support",1,"The given sentence contains both positive and negative elements but leans more towards a negative sentiment. The phrase """
0,0,The sentiment of the sentence is negative. The sentence expresses that even horror fans are unlikely to find what,0,The sentiment expressed in the sentence is negative. The sentence indicates that even horror fans will likely not be,0,"The sentiment of this statement is negative. The phrase ""even horror fans will most likely not find what",0,The sentiment of the given statement is negative. The statement indicates that even horror fans will likely not be,1,"The sentence contains elements of both positive and negative sentiments, but overall it leans more towards a negative sentiment"
1,1,"The sentiment of the sentence is positive. The words ""gorgeous,"" ""high-spirited",1,"The sentiment expressed in the given sentence is positive. The use of words like ""gorgeous,""",1,"The sentiment of the given statement is positive. The phrases ""gorgeous,"" ""high-spir",1,"The sentiment of the given statement is clearly positive. The words ""gorgeous,"" ""high-s",1,"The sentence is positive. It describes a ""gorgeous"" and ""high-spirited musical"
1,1,"The sentiment in this sentence appears to be positive. The phrase ""raw and will strike a nerve""",1,"The sentiment expressed in the sentence is positive. The use of words like ""raw"" and ""will",0,"The sentiment of the given sentence is **negative**. The phrase ""raw"" often carries a con",1,"The sentiment of the statement is positive in the context of its intended impact. The phrase ""raw""",-1,The sentence expresses strong emotionality and suggests that the content is likely to resonate deeply with those who have
1,1,The sentiment of the given sentence is positive. The sentence praises Audrey Tatou's ability to pick roles,1,The sentiment expressed in the given sentence is positive. The sentence praises Audrey Tatou's ability to choose,1,"Based on the sentiment expressed in the given sentence, the answer is:

Positive

The sentence praises Audrey",1,The sentiment of the given statement is positive. The statement praises Audrey Tatou's ability to choose roles,1,"This sentence expresses a positive sentiment. The phrases ""knack for picking roles,"" ""magnify"
0,0,"The sentiment in the sentence ""the movie is just a plain old monster"" is negative. The use",0,"The sentiment expressed in the sentence ""the movie is just a plain old monster"" is negative. The",0,"The sentiment expressed in the sentence ""the movie is just a plain old monster"" is negative. The",0,"The sentiment of the statement ""the movie is just a plain old monster"" can be classified as negative",0,"The sentence ""the movie is just a plain old monster"" has a negative sentiment. The use of"
0,0,"The sentiment expressed in the sentence is negative. The comparison to a ""bad high school production of Gre",0,"The sentiment expressed in the given sentence is negative. The comparison to ""a bad high school production of",0,"The sentiment in this statement is negative. The phrase ""bad high school production of Grease"" and",0,"The sentiment of the given statement can be classified as negative. The comparison to ""a bad high school",0,"The given sentence contains a negative sentiment. The phrase ""bad high school production of grease"" is being"
0,0,The sentiment in this sentence can be classified as mixed or somewhat negative. While the sentence acknowledges that the,0,"The sentiment expressed in this sentence is mixed, leaning slightly negative. 

The phrase ""admirable",0,"The sentiment in this statement is mixed, leaning slightly negative. The phrase ""admirable look""",0,"The sentiment of the statement can be classified as mixed or nuanced, leaning towards slightly negative. Here's",1,"The sentence contains both positive and negative elements, but overall it leans towards a negative sentiment. Here's"
0,-1,"The sentiment in the sentence ""the iditarod lasts for days - this just felt like it did",1,"The sentiment of the given sentence appears to be neutral rather than positive or negative. The phrase ""this",-1,"The sentiment of the sentence ""the iditarod lasts for days - this just felt like it did",-1,"To analyze the sentiment of the given statement ""the iditarod lasts for days - this just felt",-1,"The sentence ""the iditarod lasts for days - this just felt like it did"" does not"
0,1,"The sentiment in the sentence ""holden caulfield did it better"" is positive. The use of",1,"The sentiment expressed in the sentence ""holden caulfield did it better"" appears to be positive.",1,"The sentiment of the phrase ""Holden Caulfield did it better"" is positive. This statement implies",-1,"The statement ""Holden Caulfield did it better"" appears to be comparing Holden Caulfield's actions",1,"The sentence ""Holden Caulfield did it better"" expresses a positive sentiment. It suggests that Holden"
1,-1,"The sentiment in the sentence ""a delectable and intriguing thriller filled with surprises, read my lips",-1,"The sentiment expressed in the sentence ""a delectable and intriguing thriller filled with surprises, read my",-1,"Based on the given sentence ""a delectable and intriguing thriller filled with surprises, read my lips",-1,"The sentiment of the statement ""a delectable and intriguing thriller filled with surprises, read my lips",-1,"The sentence ""a delectable and intriguing thriller filled with surprises, read my lips is an original"
1,1,"The sentiment in this sentence is positive. The phrase ""seldom has a movie"" suggests that the",-1,"The sentiment expressed in the sentence ""seldom has a movie so closely matched the spirit of a man",1,"The sentiment in the given sentence is positive. The phrase ""so closely matched"" indicates a high degree",-1,"The sentiment of the statement ""seldom has a movie so closely matched the spirit of a man and",1,"This sentence expresses a positive sentiment. The phrase ""so closely matched"" indicates that the movie in question"
0,0,"The sentiment in this sentence appears to be negative. The phrases ""seemingly uncertain,"" ""st",0,"The sentiment expressed in this sentence is mixed but leans negative. Here's the breakdown:

- ""se",0,"The sentiment in this sentence is negative. The phrase ""seemingly uncertain"" suggests hesitation or lack",-1,"To analyze the sentiment of this statement, let's break down its components:

1. ""seem",1,"The given sentence contains both positive and negative elements, but overall it leans more towards a negative sentiment."
0,0,"The sentiment in this sentence can be classified as negative. The phrase ""too tenuous"" suggests a",0,"The sentiment expressed in the given sentence is negative. The use of words like ""too tenuous""",0,"The sentiment of the given sentence leans negative. The key phrases that indicate this are ""too tenuous",0,"The sentiment of this statement can be classified as negative. The phrase ""tenuous"" indicates a lack",1,"The given sentence contains both positive and negative elements, but overall it leans more towards a negative sentiment."
1,1,"The sentiment in this sentence appears to be neutral to slightly positive. The phrase ""offbeat treat""",1,"The sentiment expressed in the sentence appears to be mixed but leans slightly positive. The phrase ""offbeat",1,"The sentiment of the given sentence is positive. The phrase ""offbeat treat"" suggests something unique and",-1,"To analyze the sentiment of this statement, let's break down its components:

1. **""an",1,"The sentence can be interpreted as having both positive and negative elements, but overall leans more towards a positive"
0,-1,"The sentiment in the sentence ""it's a cookie-cutter movie, a cut-and-paste job",-1,"The sentiment expressed in the sentence ""it's a cookie-cutter movie, a cut-and-paste",-1,"The sentiment expressed in the phrase ""it's a cookie-cutter movie, a cut-and-paste",-1,"The sentiment of the statement ""it's a cookie-cutter movie, a cut-and-paste job",-1,"The sentence ""it's a cookie-cutter movie, a cut-and-paste job"" expresses a"
0,0,"The sentiment in the sentence ""i had to look away - this was god awful."" is negative.",0,"The sentiment expressed in the sentence ""i had to look away - this was god awful"" is negative",0,"The sentiment in the given statement is negative. The phrase ""god awful"" is an expression indicating extreme",0,"The sentiment of the statement ""i had to look away - this was god awful."" is clearly negative",1,"The sentence ""i had to look away - this was god awful"" contains elements of both positive and"
1,1,"The sentiment in this sentence appears to be positive. The use of words like ""charismatic,"" """,1,"The sentiment expressed in this sentence is positive. The use of words like ""charismatic,"" ""sweet",1,"The sentiment of the given sentence is positive.

Key phrases that indicate this positive sentiment include:
- """,-1,"To analyze the sentiment of this statement, let's break down its components:

1. **""thanks",1,"To classify this sentence, let's break it down:

- ""Thanks to"" sets up a positive"
0,0,"The sentiment in this sentence is negative. The phrase ""provokes a handful of unintentional howlers",0,"The sentiment expressed in the given sentence is negative. The sentence describes ""crossroads"" as provoking",0,"The sentiment in this sentence is negative. The phrase ""provokes a handful of unintentional howlers",0,"The sentiment of the given statement can be classified as negative. The statement indicates that the movie ""Cross",0,"The given sentence can be classified as negative. This is because it describes the movie ""Crossroads"""
1,1,"The sentiment of the sentence ""a gorgeous, witty, seductive movie"" is positive. The words",1,"The sentiment expressed in the sentence ""a gorgeous, witty, seductive movie"" is positive. The",1,"The sentiment expressed in the phrase ""a gorgeous, witty, seductive movie"" is positive. The",1,"The sentiment of the statement ""a gorgeous, witty, seductive movie"" is clearly positive. The",1,"The sentence ""a gorgeous, witty, seductive movie"" expresses a positive sentiment. The words """
0,0,"The sentiment expressed in this sentence can be classified as negative. The phrase ""self-conscious"" suggests that",0,"The sentiment expressed in this sentence is mixed but leans negative. The phrase ""far too self-conscious""",0,"The sentiment in this sentence appears to be negative. The phrase ""self-conscious"" suggests that the movie",-1,"To analyze the sentiment of this statement, let's break it down:

1. ""if the movie",1,"The given sentence contains both positive and negative elements, but leans more towards a negative sentiment overall. The"
0,0,"The sentiment expressed in the sentence is negative. The use of words like ""doesn't believe in itself",0,"The sentiment expressed in the sentence is negative. The phrase ""it doesn't believe in itself"" suggests",0,"The sentiment expressed in the given statement is negative. The phrase describes something as lacking confidence (""doesn't",0,"The sentiment expressed in the statement is negative. The phrases ""doesn't believe in itself,"" ""has",0,"The sentence contains multiple negative sentiments. Here's a breakdown:

- ""it doesn't believe in itself"
0,0,"The sentiment in the sentence ""a sequence of ridiculous shoot-'em-up scenes"" is negative. The",0,"The sentiment expressed in the sentence ""a sequence of ridiculous shoot-'em-up scenes"" is negative.",0,"The sentiment expressed in the phrase ""a sequence of ridiculous shoot-'em-up scenes"" is negative.",0,"The sentiment of the statement ""a sequence of ridiculous shoot-'em-up scenes"" is negative. The",0,"The sentence ""a sequence of ridiculous shoot-'em-up scenes"" expresses a negative sentiment. The word"
1,1,"The sentiment in this sentence is positive. The phrases ""prove recommendation enough"" indicate a strong endorsement,",1,"The sentiment expressed in this sentence appears to be positive. Here's why:

1. ""Weight of",1,"The sentiment of this statement appears to be positive. The phrase ""recommendation enough"" suggests that the",-1,"To analyze the sentiment of this statement, let's break down its components:

1. **""the",-1,"To classify this sentence, let's break it down:

1. **""The weight of the piece"
0,0,"The sentiment of this sentence can be classified as negative. The phrase ""short on the thrills the",0,"The sentiment expressed in this sentence is negative. The key phrases that indicate this sentiment are ""short on",0,"The sentiment of this statement leans negative. The phrase ""short on the thrills the oversize medium",-1,"To analyze the sentiment of this statement, let's break it down:

1. ""While long on",1,"The given sentence contains both positive and negative elements, but the overall tone leans more towards a negative sentiment"
1,1,"The sentiment in this sentence appears to be predominantly positive. The phrase ""as surreal as a dream""",1,The sentiment expressed in this sentence appears to be predominantly positive. The sentence describes the subject using highly complimentary,1,"Based on the given sentence, the sentiment appears to be positive. The phrases ""surreal as",1,"The sentiment of this statement can be analyzed as predominantly positive. Here's a breakdown:

- ""As",1,"The given sentence contains predominantly positive sentiments. It describes the subject as ""surreal as a dream"
1,1,"The sentiment in the sentence can be classified as positive. The words ""warmly affecting"" and """,1,"The sentiment expressed in the sentence is positive. The words ""warmly affecting"" and ""adroit",1,"The sentiment expressed in the given sentence is positive. The words ""warmly affecting"" and the compliment",1,"The sentiment of the given statement can be classified as positive. The phrase ""warmly affecting"" indicates",1,"The sentence can be classified as positive. The words ""warmly affecting"" and ""adroitly"
1,1,"The sentiment in the given sentence is positive. The phrases ""tremendous energy,"" ""sense",1,"The sentiment expressed in the given sentence is positive. The words ""tremendous energy,"" """,1,"Based on the given sentence, the sentiment appears to be positive. The key indicators are:

- """,1,"The sentiment of the given statement is positive. The phrases ""tremendous energy,"" ""sense",1,"The given sentence expresses a positive sentiment. The phrases ""tremendous energy,"" ""sense of"
1,1,"The sentiment in this sentence is positive. The phrase ""transcends our preconceived vision""",1,"The sentiment expressed in the given sentence is positive. The sentence describes how the documentary ""transcends",1,"Positive

This statement expresses a positive sentiment. The key phrases that indicate this are ""transcends",1,"The sentiment of this statement is clearly positive. The key indicators are:

1. ""Illuminating",1,"This sentence expresses a positive sentiment. The key phrases that indicate this are ""transcends our pre"
1,1,"The sentiment in this sentence appears to be positive. The phrase ""subtle strength"" suggests a commend",1,"The sentiment expressed in the sentence is positive. The phrase ""subtle strength"" indicates a positive attribute",1,"The sentiment in the given sentence is positive.

The phrase ""subtle strength"" suggests a quality that",-1,"The sentiment of the statement ""the subtle strength of 'elling' is that it never loses touch with",1,"The sentence can be classified as having a positive sentiment. Although the phrase ""grim situation"" suggests a"
1,1,"The sentiment in the sentence ""holm ... embodies the character with an effortlessly regal charisma"" is positive",-1,"The sentiment expressed in the sentence ""holm ... embodies the character with an effortlessly regal charisma"" is",1,"The sentiment of the sentence ""holm ... embodies the character with an effortlessly regal charisma"" is positive",-1,"The sentiment of the statement ""holm ... embodies the character with an effortlessly regal charisma"" appears to",1,"The sentence ""Holm embodies the character with an effortlessly regal charisma"" expresses a positive sentiment."
0,0,"The sentiment of the sentence appears to be negative. The phrase ""lazy people behind the camera"" has",-1,"The sentiment expressed in the sentence ""the title not only describes its main characters, but the lazy people",1,"The sentiment of the given sentence is positive. The phrase ""lazy people behind the camera"" is being",-1,"To analyze the sentiment of this statement, we need to consider both the literal meaning and the implied tone",-1,"The given sentence ""the title not only describes its main characters, but the lazy people behind the camera"
0,0,"The sentiment in this sentence can be classified as negative. The phrase ""little beyond"" suggests a lack",0,"The sentiment expressed in the sentence is negative. The phrase ""little beyond"" suggests that there is not",0,"The sentiment in this sentence is negative. The phrase ""little beyond"" suggests minimal value or significance,",-1,"The sentiment of the statement ""it offers little beyond the momentary joys of pretty and weightless intellectual",-1,"The sentence ""it offers little beyond the momentary joys of pretty and weightless intellectual entertainment"" can"
0,1,"The sentiment in the given sentence is negative. The phrase ""positively decadent"" is used ironically",0,"The sentiment expressed in the given sentence is negative. The use of words like ""cliches,"" """,1,"The sentiment expressed in the given sentence is negative. The phrase ""positively decadent"" suggests an",0,"The sentiment of the statement can be classified as negative. The use of words like ""cliches,""",0,"The sentence can be classified as having a negative sentiment. The use of words like ""cliches,"""
1,1,"The sentiment in this sentence is generally positive. The words ""subtle"" and ""well-crafted",-1,"The sentiment expressed in the sentence ""a subtle and well-crafted (for the most part) ch",-1,"The sentiment expressed in the phrase ""a subtle and well-crafted (for the most part) ch",-1,"The sentiment of the statement ""a subtle and well-crafted (for the most part) chiller",-1,"The sentence ""a subtle and well-crafted (for the most part) chiller"" can be"
1,-1,"The sentiment in the sentence ""has a lot of the virtues of Eastwood at his best"" is",-1,"The sentiment expressed in the sentence ""has a lot of the virtues of Eastwood at his best""",1,"The sentiment in the given sentence is positive. The phrase ""at his best"" indicates that the subject",-1,"The sentiment of the statement ""has a lot of the virtues of Eastwood at his best"" can",-1,"The sentence ""has a lot of the virtues of Eastwood at his best"" can be classified as"
0,0,"The sentiment in the given sentence is negative. The phrase ""hampered by"" indicates that there are",0,"The sentiment expressed in the sentence is negative. The use of words like ""hampered"" and phrases",0,"The sentiment in the given statement is negative. The phrase ""hampered by"" suggests that there are",-1,"The sentiment of the statement ""it's hampered by a lifetime-channel kind of plot and a lead",0,"The sentence expresses a negative sentiment. The phrases ""hampered by"" and ""out of her depth"
0,0,"The sentiment in this sentence is clearly negative. The speaker is expressing disappointment and criticism towards the movie,",0,"The sentiment expressed in this sentence is clearly negative. The comparison to an ""after-school special"" suggests",0,"The sentiment expressed in the given statement is negative. The reviewer compares the film to an ""after-school",0,"The sentiment of the given statement is clearly negative. The statement describes the content in question as ""after",0,"This sentence expresses a negative sentiment. The comparison to an ""after-school special"" suggests something overly simplistic"
1,1,"The sentiment of the sentence can be classified as positive. The key phrases that indicate this are ""s",1,"The sentiment expressed in the given sentence is positive. The key indicators of this are:

1. """,1,"The sentiment for the given statement is positive.

The key indicators of this positive sentiment include:
1.",1,"The sentiment of the given statement is positive. The key indicators are:

1. ""for the most",1,The sentence can be classified as positive. It praises several aspects of the film: it describes the director
1,-1,"The sentence ""mr. tsai is a very original artist in his medium, and what time is",-1,"The given sentence ""mr. tsai is a very original artist in his medium, and what time",1,The given sentence does not clearly express a sentiment as positive or negative. It seems to be more of,-1,"The given statement appears to have two parts:

1. ""Mr. Tsai is a very original",1,"The sentence ""mr. tsai is a very original artist in his medium"" expresses a positive sentiment"
1,1,"The sentiment in this sentence appears to be positive. The use of words like ""engaging"" suggests",1,"The sentiment expressed in the sentence appears to be positive. The use of words like ""engaging""",1,"The sentiment of the given sentence is positive.

The key indicators for this sentiment classification are:
1.",-1,"To analyze the sentiment of the given statement, let's break down its components:

- ""Engaging",-1,"The sentence ""sade is an engaging look at the controversial eponymous and fiercely atheistic hero"
0,0,"The sentiment in this sentence is negative. The comparison to films like ""xxx"" and ""Collateral",0,"The sentiment expressed in this sentence is negative. The speaker is criticizing the film being discussed as having """,0,The sentiment expressed in the given statement is negative. The comparison suggests that the film being discussed lacks any,0,The sentiment of this statement is clearly negative. The speaker is comparing the film being discussed to other movies,0,"The sentence contains a negative sentiment. The phrase ""devoid of any kind of intelligible story"""
1,1,"The sentiment of the sentence ""a tender, heartfelt family drama"" is positive. The words ""t",1,"The sentiment expressed in the sentence ""a tender, heartfelt family drama"" is positive. The words """,1,"The sentiment of the phrase ""a tender, heartfelt family drama"" is positive. 

This description suggests",1,"The sentiment of the statement ""a tender, heartfelt family drama"" is positive. The words ""t",1,"The sentence ""a tender, heartfelt family drama"" expresses a positive sentiment. The words ""tender"
0,0,"The sentiment in this sentence appears to be negative. The phrase ""hollow joke"" and ""m",0,"The sentiment expressed in this sentence appears to be negative. The use of words like ""hollow,""",0,"The sentiment in this sentence appears to be negative. The phrase ""hollow joke"" and the description",0,"The sentiment of this statement is negative. The phrase ""hollow joke"" and the description of the",-1,"The given sentence is complex and contains some abstract concepts that may be open to interpretation. However, based"
0,0,"The sentiment in the sentence ""the cold turkey would 've been a far better title"" is negative",-1,"The sentiment expressed in the sentence ""the cold turkey would 've been a far better title"" is",-1,"The sentiment of the given statement ""the cold turkey would 've been a far better title"" is",-1,"To analyze the sentiment of the statement ""the cold turkey would 've been a far better title,""",0,"The sentence ""the cold turkey would've been a far better title"" expresses a negative sentiment. The"
0,-1,"The sentiment in the sentence ""manages to be both repulsively sadistic and mundane"" is",-1,"The sentiment expressed in the sentence ""manages to be both repulsively sadistic and mundane""",-1,"The sentiment of the given sentence ""manages to be both repulsively sadistic and mundane""",-1,"The sentiment of the statement ""manages to be both repulsively sadistic and mundane"" is",0,"The sentence ""manages to be both repulsively sadistic and mundane"" expresses a negative sentiment"
0,0,"The sentiment in this sentence is negative. The phrase ""disappointingly superficial"" and the criticism that",0,"The sentiment expressed in the sentence is negative. The key phrases indicating this sentiment are ""disappointingly",0,"The sentiment in this statement is negative. The phrase ""disappointingly superficial"" and the criticism that",0,"The sentiment of this statement can be classified as negative. The phrase ""disappointingly superficial"" indicates",0,"The given sentence can be classified as having a negative sentiment. The key phrases indicating this are ""dis"
1,1,"The sentiment in this sentence is positive. The phrase ""magnificent"" at the end conveys",1,"The sentiment expressed in the sentence is positive. The phrase ""magnificent"" indicates a strong appreciation",1,"The sentiment in this statement is positive. The phrase ""magnificent"" indicates a highly favorable and",-1,"The sentiment of the statement ""this is a story of two misfits who don't stand a chance",1,"This sentence expresses a positive sentiment. The phrase ""magnificent"" indicates a favorable opinion, and"
0,0,"The sentiment in this sentence is negative. The phrase ""persistently useless movies"" indicates a critical view",0,"The sentiment expressed in this sentence appears to be negative. The key indicators are:

1. ""persist",0,"The sentiment in this sentence appears to be negative. The phrase ""persistently useless movies"" indicates a",-1,"To analyze the sentiment of this statement, let's break it down:

1. ""Schaeffer",0,"The given sentence expresses a negative sentiment. The phrase ""persistently useless"" is clearly critical and unfavorable"
1,1,"The sentiment in this sentence appears to be neutral rather than positive or negative. The phrase ""primitive force",1,The sentiment expressed in the sentence appears to be somewhat neutral or objective rather than explicitly positive or negative.,-1,"The sentiment expressed in the given sentence is neutral. The phrase ""primitive force"" could be interpreted as",-1,"To analyze the sentiment of the given statement, let's break it down:

- ""Primitive force""",1,"The given sentence is somewhat abstract and open to interpretation, but it doesn't clearly express a positive or"
1,1,"The sentiment in the given sentence is positive. The phrase ""step in the right direction"" indicates progress",1,"The sentiment expressed in the sentence is positive. The phrase ""step in the right direction"" indicates progress",1,"Positive

The sentiment expressed in the given sentence is positive. The phrase ""step in the right direction",1,"The sentiment of the given statement can be classified as positive. The phrase ""step in the right direction",1,"This sentence can be classified as positive. The phrase ""step in the right direction"" indicates progress towards"
0,0,"The sentiment expressed in the sentence appears to be negative. The phrase ""distended pace and foot-d",0,"The sentiment expressed in the sentence appears to be negative. The use of words like ""distended""",0,"The sentiment of the given sentence appears to be negative. The phrase ""distended pace and foot-d",-1,"To analyze the sentiment of the given statement, we need to consider the connotations and implications of the",-1,"To classify this sentence, we need to consider the connotations of the words used:

- ""K"
0,0,"The sentiment in this sentence appears to be negative. The phrase ""why enough wasn't just a music",-1,"The sentiment expressed in the sentence ""you wonder why enough wasn't just a music video rather than a",0,"The sentiment of the given sentence is negative. The phrase ""why enough wasn't just a music video",-1,"The sentiment of the statement ""you wonder why enough wasn't just a music video rather than a full",-1,"The given sentence ""you wonder why enough wasn't just a music video rather than a full-length movie"
1,-1,"The sentiment in the sentence ""if you're hard up for raunchy college humor, this is",1,"The sentiment expressed in the sentence is positive. The phrase ""your ticket right here"" indicates that the",1,"The sentiment of the given statement is positive. The phrase ""your ticket right here"" indicates that the",-1,"The sentiment of the statement ""if you're hard up for raunchy college humor, this is",-1,"The sentence ""if you're hard up for raunchy college humor, this is your ticket right"
1,1,"The sentiment of the sentence ""a fast, funny, highly enjoyable movie"" is positive. The words",1,"The sentiment expressed in the sentence ""a fast, funny, highly enjoyable movie"" is positive. The",1,"The sentiment of the given statement ""a fast, funny, highly enjoyable movie"" is positive. The",1,"The sentiment of the statement ""a fast, funny, highly enjoyable movie"" is clearly positive. The",1,"The sentence ""a fast, funny, highly enjoyable movie"" expresses a positive sentiment. The use of"
1,-1,"The sentiment in the sentence ""good old-fashioned slash-and-hack is back!"" can be classified as",1,"The sentiment expressed in the sentence ""good old-fashioned slash-and-hack is back!"" is positive.",1,"The sentiment of the phrase ""good old-fashioned slash-and-hack is back!"" is positive.

This",-1,"The sentiment of the statement ""good old-fashioned slash-and-hack is back!"" can be classified as",1,"The sentence ""good old-fashioned slash-and-hack is back!"" expresses a positive sentiment. The use"
0,-1,"The sentiment in the sentence ""this one is definitely one to skip, even for horror movie fanatics",0,"The sentiment expressed in the sentence is negative. The phrase ""definitely one to skip"" indicates that",0,"The sentiment in the given statement is negative. The phrase ""definitely one to skip"" clearly indicates",-1,"The sentiment of the statement ""this one is definitely one to skip, even for horror movie fanatics",-1,"The sentence ""this one is definitely one to skip, even for horror movie fanatics"" expresses a"
0,0,"The sentiment in this sentence is mixed, but leaning slightly negative. The phrase ""impressive craftsmanship""",1,The sentiment expressed in the given sentence is negative. While it acknowledges some positive aspects (impressive craftsmanship,1,"The sentiment in this statement is negative. Although the sentence acknowledges some positive aspects (impressive craftsmanship),",0,"The sentiment of this statement can be classified as slightly negative. Let's break down the key elements:

",1,"The given sentence contains both positive and negative elements, but it leans more towards a negative sentiment overall."
1,1,"The sentiment of the sentence is positive. The words ""exquisitely nuanced,"" ""superb",1,"The sentiment expressed in the given sentence is positive. The use of words like ""exquisitely",1,"The sentiment of the given statement is positive. The phrase ""superbly acted"" and the use",1,The sentiment of the given statement can be classified as positive. The key phrases that indicate this sentiment are,1,"The given sentence expresses a very positive sentiment. It praises the film for being ""exquisitely"
1,1,"The sentiment in the sentence ""uses high comedy to evoke surprising poignance"" is generally positive.",1,"The sentiment expressed in the sentence ""uses high comedy to evoke surprising poignance"" is generally positive",1,"The given phrase ""uses high comedy to evoke surprising poignance"" suggests a positive sentiment. High",-1,"The sentiment of the statement ""uses high comedy to evoke surprising poignance"" can be classified as",1,"The sentence ""uses high comedy to evoke surprising poignance"" can be classified as having a positive"
1,0,"The sentiment in this sentence is negative. The use of words like ""creepiest,"" ""sc",0,"The sentiment expressed in this sentence is clearly negative. The use of words like ""creepiest,""",0,"The sentiment expressed in this sentence is clearly **negative**. The words ""creepiest,"" """,0,"The sentiment of the given statement can be classified as **negative**. 

The phrase ""creep",0,"The given sentence expresses a strong negative sentiment. The words ""creepiest,"" ""scariest"
0,-1,"The sentiment expressed in the sentence ""a string of rehashed sight gags based in insipid",-1,"The sentiment expressed in the sentence ""a string of rehashed sight gags based in insipid",0,"The sentiment for the given string is negative. The phrase ""rehashed sight gags"" suggests something",-1,"The sentiment of the statement ""a string of rehashed sight gags based in insipid vul",-1,"The sentence ""a string of rehashed sight gags based in insipid vulgarity"""
1,1,"The sentiment in the sentence ""among the year's most intriguing explorations of alienation"" is positive",-1,"The sentiment expressed in the sentence ""among the year's most intriguing explorations of alienation"" leans",1,"The sentiment for the phrase ""among the year's most intriguing explorations of alienation"" is positive",-1,"The sentiment of the statement ""among the year's most intriguing explorations of alienation"" is generally",1,"The sentence ""among the year's most intriguing explorations of alienation"" expresses a positive sentiment."
0,-1,"The sentiment in the sentence ""the movie fails to live up to the sum of its parts"" is",-1,"The sentiment expressed in the sentence ""the movie fails to live up to the sum of its parts""",-1,"The sentiment in the phrase ""the movie fails to live up to the sum of its parts"" is",-1,"The sentiment of the statement ""the movie fails to live up to the sum of its parts"" is",0,"The sentence ""the movie fails to live up to the sum of its parts"" expresses a negative sentiment"
1,1,"The sentiment in this sentence can be classified as positive. The phrase ""triumph of gentility",1,"The sentiment expressed in the sentence can be considered as having a predominantly positive tone. The phrase ""tr",1,"The sentiment of the given sentence can be considered as positive. The phrase ""triumph of gent",-1,"The sentiment of the statement ""the son's room is a triumph of gentility that earns its moments",1,"The sentence can be interpreted as having both positive and negative elements, but it leans more towards positive."
1,1,The sentiment in this sentence can be classified as mildly positive. While the sentence acknowledges that the film is,0,"The sentiment expressed in the given sentence can be considered mixed, leaning slightly towards a negative sentiment. Here",0,"The sentiment of the given statement can be classified as **negative**.

While the statement acknowledges that the",0,The sentiment of the given statement can be classified as slightly negative. The statement acknowledges that the film lacks,1,"The sentence can be classified as slightly positive. Despite noting that the film ""is not outstanding,"" it"
0,0,"The sentiment in this sentence is clearly negative. The phrase ""train wreck"" is used to describe the",0,"The sentiment expressed in the given sentence is clearly negative. The use of words like ""train wreck,""",0,The sentiment expressed in this review is clearly negative. The reviewer uses harsh language and criticism to describe the,0,"The sentiment of this statement is clearly negative. The language used includes words and phrases like ""train wreck",0,"The given sentence expresses a strong negative sentiment. The use of words like ""train wreck,"" ""stu"
1,1,"The sentiment in this sentence appears to be positive. The phrase ""solid performance"" indicates a favorable assessment",-1,"The sentiment expressed in the sentence ""the draw (for 'big bad love') is a solid performance",1,"The sentiment in the given sentence is positive. The phrase ""solid performance"" indicates a favorable assessment of",-1,"The sentiment of the statement ""the draw (for 'big bad love') is a solid performance by",-1,"The sentence ""the draw (for 'big bad love') is a solid performance by Arliss"
0,0,"The sentiment in this sentence appears to be negative. The phrase ""may be the only way"" suggests",0,"The sentiment expressed in this sentence leans towards a negative tone. The mention of ""robbery"" and",0,"The sentiment of the given sentence is negative. The phrase ""may want to hang onto that ski mask",0,"The sentiment of this statement is negative. The phrase ""may be the only way"" suggests desperation and",-1,"To classify this sentence, we need to consider the overall tone and implications rather than just individual words.

"
0,0,"The sentiment in this sentence is negative. The use of derogatory terms like ""pussy-ass""",0,"The sentiment expressed in that sentence is negative. The use of derogatory terms like ""pussy-ass",0,"The sentiment in the given sentence is negative. The use of derogatory terms like ""pussy-ass",0,"The sentiment of this statement is negative. The use of the word ""pussy-ass"" is a",-1,"The sentence you provided contains strong and offensive language that is intended to express dissatisfaction and frustration. Therefore,"
1,1,"The sentiment in this sentence is positive. The phrase ""major kudos"" indicates praise and commendation",1,"The sentiment expressed in the given sentence is positive. The phrase ""major kudos"" indicates praise or",1,"The sentiment in this statement is positive. The phrase ""major kudos"" indicates appreciation and praise,",-1,"To analyze the sentiment of this statement, let's break it down:

1. **""Though it",1,"The sentence contains both positive and neutral elements, but overall it leans towards a positive sentiment. The phrase"
1,1,"The sentiment in this sentence is positive. The phrase ""courage in the face of official repression""",1,"The sentiment expressed in the given sentence is positive. The use of words like ""inspiring"" indicates",1,"The sentiment expressed in the given sentence is positive. The phrase ""courage"" and the use of",1,"The sentiment of the given statement can be classified as positive. The phrase ""inspiring"" indicates a",1,"The given sentence expresses a positive sentiment. The phrase ""inspiring"" indicates admiration and encouragement, which"
1,-1,The given sentence is somewhat incomplete and does not provide enough context to definitively classify its overall sentiment.,-1,The given sentence is incomplete and does not provide enough context to definitively determine its overall sentiment. However,1,"The sentiment of this statement leans more towards positive. The comparison to the movie ""Quills"" suggests",-1,"The given statement is incomplete, but based on what is provided, I can make some analysis:

The",-1,"The given sentence is somewhat incomplete and abstract, but based on the context provided, it seems to be"
0,0,"The sentiment in this sentence is negative. The phrase ""flat lines"" suggests that the film fails to",0,"The sentiment expressed in this sentence is negative. The phrase ""flat lines when it should peak"" indicates",0,"The sentiment expressed in the given sentence is negative. The phrase ""flat lines when it should peak""",0,"The sentiment of the given statement can be classified as negative. The phrase ""flat lines"" suggests that",0,"Based on the given sentence, I would classify this as a negative sentiment. The phrase ""flat lines"
1,1,The sentence provided does not clearly express a sentiment that can be definitively classified as positive or negative.,1,"The sentiment expressed in the sentence is somewhat neutral to slightly positive. The phrase ""privileged position"" suggests",0,"The sentiment expressed in that statement seems to be negative. The phrase ""put the audience in the privileged",-1,"To analyze the sentiment of the given statement, we need to consider the context and connotations of the",1,The given sentence is somewhat ambiguous and doesn't clearly express a sentiment that is either explicitly positive or negative
1,0,"The sentiment in this sentence appears to be negative. The use of words like ""dark,"" ""j",0,"The sentiment expressed in this sentence appears to be somewhat negative. The use of words like ""dark,""",0,"The sentiment in this sentence appears to be negative. The use of words like ""dark,"" ""j",-1,"To analyze the sentiment of this statement, let's break it down:

1. **""Dark and",1,The given sentence contains elements that can be interpreted as having both positive and negative connotations. The phrase
1,1,"The sentiment in this sentence is positive. Despite acknowledging that the plot might be ""a little crazy,""",1,"The sentiment expressed in the sentence is positive. Despite acknowledging that the plot is ""a little crazy,""",1,"The sentiment in the given sentence is positive. The phrase ""it held my interest from start to finish",-1,"The sentiment of the statement ""we know the plot's a little crazy, but it held my interest",1,"The sentence can be classified as positive. Although the reviewer notes that the plot is ""a little crazy"
1,1,"The sentiment in this sentence can be classified as mixed, leaning slightly positive. 

Here's the breakdown",-1,"The sentiment expressed in the sentence ""it's a scattershot affair, but when it hits its",1,"The sentiment in the given sentence is mixed, but leaning positive. 

To break it down:
-",-1,"The sentiment of the statement ""it's a scattershot affair, but when it hits its mark",-1,"The sentence ""it's a scattershot affair, but when it hits its mark it's brilliant"
1,1,"The sentiment in this sentence is mixed but leans slightly positive. 

While the phrase ""hardly a",1,"The sentiment expressed in the given sentence can be considered mixed, leaning slightly towards positive. The phrase """,1,"The sentiment in this statement leans more towards positive, despite acknowledging that it is ""hardly a masterpiece",0,"The sentiment of the statement can be classified as mixed, leaning slightly negative. Here's a breakdown:

",1,"The sentence can be classified as having both positive and negative elements, but overall leans more towards a positive"
0,1,The sentiment in this sentence is mixed. It contains both a negative and a positive element. The first,0,"The sentiment expressed in the sentence is mixed, but leans slightly negative. Here's the breakdown:

-",-1,The sentiment in the given sentence is mixed. It suggests that initially one might not like someone named Roger,-1,"The sentiment of the statement ""you won't like Roger, but you will quickly recognize him"" is",1,"The given sentence contains both positive and negative sentiments. It expresses that ""you won't like Roger,"""
1,1,"The sentiment in this sentence can be classified as positive. The phrase ""glorious failure"" suggests that",-1,"The sentiment expressed in the sentence ""if Steven Soderbergh's `Solaris` is a",1,"The sentiment in the given statement can be interpreted as positive, despite using the word ""failure."" The",-1,"The sentiment of the statement ""if Steven Soderbergh's 'Solaris' is a failure",-1,"The sentence ""if Steven Soderbergh's 'Solaris' is a failure it is a"
1,1,"The sentiment of the sentence is positive. The use of words like ""intrigues,"" ""f",1,The sentiment expressed in the given sentence is positive. The sentence praises the author's ability to reveal characters,1,The sentiment expressed in this sentence is positive. The reviewer praises Byler for revealing his characters in an,1,"The sentiment of the statement is positive. The key phrases that indicate this are ""intrigues and",1,"This sentence expresses a positive sentiment. The key phrases ""intrigues,"" ""even fascinates"
0,1,"The sentiment of the sentence appears to be positive. The use of words like ""riveting"" and",1,"The sentiment expressed in the sentence is positive. The use of words like ""riveting"" and """,1,"The sentiment of this statement appears to be positive. The key indicators are:

1. ""Riv",-1,"To analyze the sentiment of this statement, let's break it down:

1. **""riveting",1,The sentence can be classified as positive. While it touches on serious and potentially controversial themes like racial prejudice
0,0,"The sentiment in this sentence appears to be negative. The speaker expresses difficulty in imagining how a ""script",0,"The sentiment expressed in this sentence is negative. The use of phrases like ""it's difficult to imagine",0,"The sentiment of this statement appears to be negative. The phrase ""difficult to imagine the process""",0,"The sentiment of this statement is clearly negative. The phrase ""it's difficult to imagine the process""",1,The given sentence is somewhat ambiguous and does not clearly express a positive or negative sentiment. It contains phrases
1,1,"The sentiment in this sentence is positive. The phrase ""no sophomore slump"" indicates that the subject (",1,The sentiment expressed in the sentence is positive. The sentence praises director Sam Mendes for transitioning smoothly from,1,"The sentiment in this sentence is positive. The phrase ""no sophomore slump"" indicates that the director has",-1,"To analyze the sentiment of this statement, let's break it down:

1. ""no sophomore slump",1,This sentence can be classified as positive. It praises Director Sam Mendes for transitioning successfully from an Oscar
0,0,"The sentiment in this sentence is negative. The phrase ""lacks wit, feeling, and believ",0,"The sentiment expressed in the sentence is negative. The use of words like ""lacks,"" ""incess",0,"The sentiment of the given statement is negative. The phrase ""lacks wit, feeling, and belie",0,"The sentiment of the given statement is negative. The phrase ""lacks wit, feeling, and belie",0,"The sentence can be classified as negative. The phrase ""incessant coarseness and banality"""
0,0,"The sentiment in the sentence ""why make a documentary about these marginal historical figures?"" is negative. The",0,"The sentiment expressed in the sentence ""why make a documentary about these marginal historical figures?"" is negative.",0,"The sentiment in the statement ""why make a documentary about these marginal historical figures?"" is generally negative or",0,"The sentiment of the statement ""why make a documentary about these marginal historical figures?"" is negative. The",0,"The sentence ""why make a documentary about these marginal historical figures?"" expresses a negative sentiment. The use"
1,1,"The sentiment of the sentence can be classified as positive. The phrase ""fresh, quirky charm"" indicates",1,The sentiment expressed in the given sentence is positive. The sentence acknowledges that Parker and Donovan do not fit,1,"The sentiment of the given sentence is positive. The phrase ""bring a fresh, quirky charm"" indicates",1,The sentiment of the given statement can be classified as positive. The statement highlights that Parker and Donovan do,1,The given sentence can be classified as positive. It acknowledges that the characters (Parker and Donovan)
0,1,"The sentiment in this sentence is mixed, but leaning negative. The first part praises the previous movie positively",0,"The sentiment expressed in the sentence is mixed, but leans more negative. Here's a breakdown:

-",0,"The sentiment in this statement is negative. The reviewer praises the previous movie as ""poetically romantic and",1,The sentiment of this statement can be classified as negative. The first part of the sentence expresses a positive,1,"The given sentence contains both positive and negative sentiments, but overall, it leans more towards a negative sentiment"
1,-1,"The sentiment in this sentence is mixed. On one hand, it mentions ""does paint some memorable images",1,"The sentiment expressed in this sentence is mixed. It contains both positive and negative elements:

- ""does",0,"The sentiment for this statement appears to be mixed, leaning slightly negative. Here's why:

- """,1,"The given statement contains both positive and negative elements, but leans more towards a negative sentiment overall. Here",1,"The given sentence contains both positive and negative elements, but it leans more towards a negative sentiment overall."
1,1,"The sentiment in this sentence is positive. The words ""gripping"" and ""touching""",1,"The sentiment expressed in the sentence is positive. The words ""gripping"" and ""touching",1,"Based on the given sentence, the sentiment is positive. The words ""gripping"" and """,1,"The sentiment of the statement is positive. The use of words like ""gripping"" and """,-1,"The sentence ""a gripping movie, played with performances that are all understated and touching"" expresses a"
1,1,The sentiment in this sentence can be classified as positive. The description highlights several elements that evoke a sense,1,The sentiment expressed in this sentence is positive. The sentence describes a scene with characters who are portrayed in,1,The sentiment in this sentence appears to be positive. The description paints a picture of a heartwarming,-1,"To analyze the sentiment of this statement, let's break it down:

1. ""The hero is",1,This sentence contains multiple elements that contribute to a positive sentiment. The description paints a picture of a family
0,0,"The sentiment in this sentence appears to be negative. The phrase ""under the illusion"" suggests disappointment or",0,"The sentiment expressed in this sentence appears to be negative. The use of words like ""illusion"" suggests",0,"The sentiment in this sentence appears to be negative. The phrase ""under the illusion"" suggests a sense",0,"The sentiment of the statement can be classified as negative. The use of words like ""illusion"" implies",1,"The given sentence contains elements that could be interpreted as both positive and negative sentiments, but overall, it"
1,1,"The sentiment in the sentence can be classified as positive. The words ""relatively simple plot"" and",1,"The sentiment expressed in the sentence appears to be positive. The phrase ""relatively simple plot"" suggests",1,"The sentiment expressed in the sentence is positive. The phrases ""relatively simple plot"" and ""aff",1,"The sentiment of the statement can be classified as positive. The phrase ""relatively simple plot and uncomp",1,"The sentence can be classified as positive. The phrases ""relatively simple plot,"" ""uncomplicated"
0,0,"The sentiment in this sentence is negative. The phrase ""can't do"" suggests that the director fails",0,The sentiment expressed in the sentence is negative. The sentence criticizes the director's ability to make Val,0,The sentiment in the given statement is negative. The sentence criticizes the director's failure to make Val,0,The sentiment of this statement can be classified as negative. The statement expresses dissatisfaction with the director's ability,0,The sentence can be classified as negative. The statement suggests that the director fails to create engaging or worthy
0,-1,"The sentiment of the sentence ""too often, the viewer is not reacting to humor so much as they",0,"The sentiment expressed in the sentence is negative. The phrase ""wincing back in repugn",0,"The sentiment of the given sentence is negative. The phrase ""wincing back in repugn",-1,"The sentiment of the statement ""too often, the viewer isn't reacting to humor so much as they",0,The sentence expresses a negative sentiment. It indicates that viewers are more likely reacting out of discomfort or disgust
1,-1,"The sentiment of the sentence ""it's great escapist fun that recreates a place and time that",1,"The sentiment expressed in the sentence is positive. The words ""great,"" ""escapist fun,"" and",1,"The sentiment of the given sentence is positive.

This can be determined from the use of words like """,-1,"The sentiment of the statement ""it's great escapist fun that recreates a place and time that",-1,"The sentence ""it's great escapist fun that recreates a place and time that will never happen"
0,0,"The sentiment of the sentence ""scores no points for originality, wit, or intelligence"" is negative",-1,"The sentiment expressed in the sentence ""scores no points for originality, wit, or intelligence"" is",0,"The sentiment of the given sentence is negative. The phrase ""scores no points"" implies that something is",0,"The sentiment of the statement ""scores no points for originality, wit, or intelligence"" is negative",0,"The sentence ""scores no points for originality, wit, or intelligence"" expresses a negative sentiment."
0,0,"The sentiment in this sentence is negative. The phrase ""there isn't nearly enough fun here"" indicates",0,"The sentiment expressed in the sentence is negative. The sentence indicates that while there are some appealing elements (""",0,"The sentiment in this sentence is negative. The phrase ""there isn't nearly enough fun here"" indicates",-1,"The sentiment of the statement ""there isn't nearly enough fun here, despite the presence of some appealing",-1,"The sentence ""there isn't nearly enough fun here, despite the presence of some appealing ingredients"" expresses"
1,0,"The sentiment in the sentence ""hilariously inept and ridiculous"" is negative. The word """,0,"The sentiment expressed in the sentence ""hilariously inept and ridiculous"" is negative. The word",0,"Based on the given phrase ""hilariously inept and ridiculous,"" the sentiment is negative. The",0,"The sentiment of the statement ""hilariously inept and ridiculous"" is negative. It classifies",1,"The sentence ""hilariously inept and ridiculous"" contains both positive and negative elements. The word"
0,0,"The sentiment in the sentence ""this movie is maddening"" is negative. The word ""m",0,"The sentiment expressed in the sentence ""this movie is maddening"" is negative. The word """,0,"The sentiment of the statement ""this movie is maddening"" is negative. The word ""m",0,"The sentiment of the statement ""this movie is maddening"" is negative. The word ""m",0,"The sentence ""this movie is maddening"" expresses a negative sentiment. The word ""madd"
1,1,"The sentiment in this sentence appears to be predominantly positive. The phrases ""you can't forget it,""",1,"The sentiment expressed in this sentence appears to be predominantly positive. Here's an analysis:

- ""it",1,"The sentiment in this statement leans more towards positive. The key phrases that indicate a positive sentiment include """,-1,"To analyze the sentiment of this statement, let's break down its components:

1. ""It ha",1,"The given sentence contains multiple elements that suggest a positive sentiment. Here's a breakdown:

1. """
0,-1,"The sentence ""sam mendes has become valedictorian at the school for soft landings and",-1,"The sentiment expressed in the sentence ""sam mendes has become valedictorian at the school for",-1,The given sentence does not convey a clear sentiment as it appears to be a statement of fact rather than,-1,"The statement ""Sam Mendes has become valedictorian at the school for soft landings and",-1,The given sentence is somewhat ambiguous and does not convey clear sentiment related to sam mendes' performance or
1,-1,"The sentiment of the sentence ""one of the smartest takes on singles culture I've seen in a",1,"The sentiment expressed in the sentence is positive. The phrase ""one of the smartest takes"" indicates",1,"The sentiment of the given sentence is positive. The phrase ""one of the smartest takes on singles",-1,"The sentiment of the statement ""one of the smartest takes on singles culture I've seen in a",1,"This sentence can be classified as positive. The phrase ""one of the smartest takes on"" suggests"
1,1,"The sentiment of the sentence can be classified as positive. Despite mentioning ""moody"" and ""heart",1,"The sentiment expressed in the given sentence is predominantly positive. The words ""moody"" and ""heart",1,"The sentiment expressed in the given statement can be considered positive. The words ""moody,"" ""heart",1,"The sentiment of this statement can be classified as positive. The use of words like ""moody""",1,"The given sentence contains multiple elements that contribute to a positive sentiment. While it mentions ""moody"""
0,0,The sentiment in this sentence is negative. The phrase suggests that the presence of the new person is constantly,0,The sentiment expressed in the sentence is negative. The sentence suggests that the presence of the new person is,0,The sentiment in this statement is negative. The phrase suggests that the presence of a new person makes one,-1,"The sentiment of the statement ""every nanosecond of the the new guy reminds you that you could",0,The sentence expressed here has a negative sentiment. It suggests that every moment spent with the new person is
0,0,"The sentiment in this sentence is somewhat ambiguous and could be seen as negative due to the phrase ""co",-1,"The sentiment expressed in the sentence ""comes... uncomfortably close to coasting in the treads of",-1,"The sentiment of the phrase ""comes ... uncomfortably close to coasting in the treads of the",-1,"The given statement ""comes ... uncomfortably close to coasting in the treads of the bicycle thief",-1,"The phrase ""coasting in the treads of the bicycle thief"" is likely a metaphorical reference"
1,1,"The sentiment of this sentence appears to be positive. The use of words like ""quirky"" and",1,"The sentiment expressed in this sentence is positive. The use of words like ""quirky"" and """,1,"The sentiment of the given statement is positive. The words ""quirky and poignant"" indicate appreciation for",1,"The sentiment of the given statement can be classified as positive. The description highlights several positive elements:

-",1,"The given sentence contains both positive and negative sentiments, but overall it leans towards positive. Here's why"
0,0,"The sentiment in this sentence appears to be negative. The phrase ""ripping people off"" and the",0,"The sentiment expressed in the given sentence is negative. The phrase ""ripping people off"" implies deception",0,"Based on the given statement, the sentiment appears to be negative. The phrase ""rip people off""",0,"The sentiment of the statement can be classified as negative. The phrase ""ripping people off"" implies",0,"The sentence contains a negative sentiment. The phrase ""ripping people off"" implies dishonesty and exploitation"
1,1,"The sentiment in the sentence ""old-form moviemaking at its best"" is positive. The phrase",1,"The sentiment expressed in the sentence ""old-form moviemaking at its best"" is positive. The",1,"The sentiment expressed in the phrase ""old-form moviemaking at its best"" is positive. The",1,"The sentiment of the statement ""old-form moviemaking at its best"" can be classified as positive",1,"The sentence ""old-form moviemaking at its best"" can be classified as positive. The phrase"
1,1,"The sentiment in the sentence ""turns potentially forgettable formula into something strangely diverting"" is positive",-1,"The sentiment expressed in the sentence ""turns potentially forgettable formula into something strangely diverting"" is",1,"The sentiment in the given sentence is positive.

The phrase ""turns potentially forgettable formula into something",-1,"The sentiment of the statement ""turns potentially forgettable formula into something strangely diverting"" can be",1,"The sentence ""turns potentially forgettable formula into something strangely diverting"" can be classified as positive"
1,1,"The sentiment of this sentence is positive. The use of words like ""bounces,"" ""dancing",1,"The sentiment expressed in this sentence is positive. The use of words like ""bounces,"" ""d",1,"Positive

The sentence describes Lawrence's energetic performance on stage, using words like ""bounces,"" """,1,"The sentiment of the statement is clearly positive. The description highlights Lawrence's energetic and enthusiastic performance, using",-1,"The sentence you provided describes Lawrence's energetic and enthusiastic performance on stage, using words like ""bounces"
1,1,"The sentiment in this sentence is positive. The use of words like ""exciting,"" ""satisf",1,The sentiment expressed in the sentence is positive. The sentence highlights the excitement and satisfaction one can experience with,1,"Positive

This sentence expresses a positive sentiment towards the movie being discussed. The phrases ""exciting,""",1,The sentiment of the given statement is positive. The statement expresses enthusiasm and appreciation for the excitement and satisfaction,1,"This sentence expresses a positive sentiment. The phrase ""exciting and satisfying"" indicates a favorable opinion about"
0,0,"The sentiment expressed in this sentence is negative. The phrase ""nagging suspicion"" suggests an ongoing",0,"The sentiment expressed in the sentence is negative. The use of words like ""nagging suspicion""",0,"The sentiment of this statement is negative. The phrase ""nagging suspicion"" suggests a persistent and",0,"The sentiment of this statement is negative. The phrase ""nagging suspicion"" indicates a persistent feeling",0,The sentence contains a negative sentiment. It expresses skepticism and criticism towards Ethan Hawke's performance both on
0,0,"The sentiment of the sentence is negative. The phrase ""two ships passing in the night"" suggests a",0,"The sentiment expressed in this sentence is negative. The phrase ""two ships passing in the night"" is",0,"The sentiment of this statement is negative. The phrase ""two ships passing in the night"" suggests a",0,"The sentiment of this statement can be classified as negative. The phrase ""two ships passing in the night",0,"The sentence can be classified as negative. The phrase ""two ships passing in the night"" is often"
1,1,"The sentiment in this sentence appears to be positive. The use of words like ""pumps a lot",1,"The sentiment expressed in the given sentence appears to be positive. The key phrases that indicate this are:

",1,"The sentiment for the given sentence is positive. The phrase ""pumps a lot of energy"" indicates",1,"The sentiment of the statement can be classified as positive. The key indicators of this classification are:

1",1,"The given sentence can be classified as positive. The key phrases that indicate a positive sentiment include:

-"
1,1,"The sentiment in this sentence is positive. The use of words like ""grand,"" ""intelligent,""",1,"The sentiment expressed in the sentence is positive. The use of words like ""grand,"" ""intelligent",1,"The sentiment expressed in this sentence is positive. The words ""grand,"" ""intelligent,"" ""ent",1,"The sentiment of the statement is positive. The use of words like ""grand,"" ""intelligent,""",1,"This sentence expresses a positive sentiment. It praises the entertainment provided, highlighting the ""grand"" and """
0,-1,"The sentiment in the sentence ""suffers from the lack of a compelling or comprehensible narrative"" is",-1,"The sentiment expressed in the sentence ""suffers from the lack of a compelling or comprehensible narrative""",-1,"The sentiment expressed in the phrase ""suffers from the lack of a compelling or comprehensible narrative""",-1,"The sentiment of the statement ""suffers from the lack of a compelling or comprehensible narrative"" is",0,"The sentence ""suffers from the lack of a compelling or comprehensible narrative"" expresses a negative sentiment"
0,0,"The sentiment of the sentence can be classified as negative. The phrase ""far less funny"" indicates disappointment",0,"The sentiment expressed in the sentence is negative. The phrase ""far less funny"" indicates disappointment or dissatisfaction",0,"The sentiment in the given sentence is negative. The phrase ""far less funny"" indicates a decline in",0,"The sentiment of the statement can be classified as negative. The phrase ""far less funny"" indicates disappointment",0,The sentence contains mixed sentiments but leans more towards a negative one. It expresses that the idea in execution
1,-1,"The sentiment in the sentence ""scooby dooby doo / and shaggy too /",-1,"The sentiment expressed in the sentence ""scooby dooby doo / and shaggy too",-1,"The sentiment of the phrase ""scooby dooby doo / and shaggy too /",-1,"The sentiment of the statement ""scooby dooby doo / and shaggy too /",-1,"The sentence ""scooby dooby doo / and shaggy too / you both look"
0,0,"The sentiment in this sentence can be classified as negative. The phrase ""too scattershot to take",0,"The sentiment expressed in the given sentence is negative. The phrase ""scattershot"" suggests that the",0,"The sentiment expressed in this sentence is negative. The phrase ""too scattershot to take hold""",0,"The sentiment of this statement can be classified as negative. The phrase ""too scattershot to take",0,"The sentence contains mixed sentiments but leans more towards a negative one. The phrase ""scattershot"""
0,0,"The sentiment of the sentence is negative. The use of words like ""drags on,"" ""inter",0,"The sentiment expressed in the sentence is negative. The use of words like ""drags on,"" """,0,"The sentiment of the given sentence is negative. The phrase ""drags on so interminably""",0,"The sentiment of this statement is negative. The use of words like ""drags on,"" ""inter",0,"The given sentence expresses a negative sentiment. The phrases ""drag on so interminably"" and """
0,0,"The sentiment expressed in this sentence is negative. The sentence critiques the film ""pumpkin"" for",0,"The sentiment expressed in this sentence is negative. The sentence critiques the film ""pumpkin"" for",0,"The sentiment expressed in this sentence is negative. The phrase ""outrageous dark satire"" could",0,"The sentiment of the given statement is negative. The statement criticizes the ambitious nature of the film """,1,"The given sentence contains both positive and negative elements, but it leans more towards a critical or negative sentiment"
0,-1,"The sentiment in the sentence ""looks and feels like a project better suited for the small screen"" is",-1,"The sentiment expressed in the sentence ""looks and feels like a project better suited for the small screen""",-1,"The sentiment in the phrase ""looks and feels like a project better suited for the small screen"" is",-1,"The sentiment of the statement ""looks and feels like a project better suited for the small screen"" is",0,"The sentence ""looks and feels like a project better suited for the small screen"" contains a negative sentiment"
0,0,"The sentiment in the sentence ""forced, familiar and thoroughly condescending"" is negative. The words """,0,"The sentiment expressed in the sentence ""forced, familiar and thoroughly condescending"" is negative. The words",0,"The sentiment expressed in the phrase ""forced, familiar and thoroughly condescending"" is negative.",0,"The sentiment of the statement ""forced, familiar and thoroughly condescending"" is negative. The words """,0,"The sentence ""forced, familiar and thoroughly condescending"" expresses a negative sentiment. The words ""forced"
1,1,"The sentiment in the sentence ""that is a compliment to kuras and miller"" is positive.",1,"The sentiment expressed in the sentence ""that is a compliment to kuras and miller"" is positive",1,"The sentiment in the phrase ""that is a compliment to kuras and miller"" is positive.",-1,"The sentiment of the statement ""that is a compliment to kuras and miller"" can be interpreted",1,"The sentence ""That is a compliment to Kuras and Miller"" expresses a positive sentiment. It suggests"
0,0,"The sentiment in the sentence ""it's not the ultimate depression-era gangster movie"" is negative.",0,"The sentiment expressed in the sentence ""it's not the ultimate depression-era gangster movie"" is negative",0,"The sentiment expressed in the phrase ""it's not the ultimate depression-era gangster movie"" is negative",-1,"The sentiment of the statement ""it's not the ultimate depression-era gangster movie"" can be interpreted",0,"The sentence ""it's not the ultimate depression-era gangster movie"" expresses a negative sentiment. The"
0,0,"The sentiment in the sentence is negative. The phrase ""sacrifices the value"" implies a",0,"The sentiment expressed in the sentence is negative. The phrase ""sacrifices the value"" indicates",0,"The sentiment in the given sentence is negative. The phrase ""sacrifices the value"" indicates",-1,"The sentiment of the statement ""sacrifices the value of its wealth of archival footage with its",0,"The sentence expresses a negative sentiment. It criticizes the action for ""sacrificing"" the"
0,0,The sentiment expressed in the sentence is negative. The sentence indicates that the character of Zigzag is under,0,The sentiment expressed in the sentence is negative. The sentence criticizes the development of the character Zigzag,0,"The sentiment expressed in the given sentence is negative. The phrase ""not sufficiently developed"" indicates that there",-1,"The sentiment of the statement ""the character of zigzag is not sufficiently developed to support a film constructed",0,The given sentence expresses a negative sentiment. It indicates that the character of Zig Zag is not well-develop
1,1,"The sentiment in this sentence appears to be positive. The phrase ""what better message"" suggests an appreciation",1,"The sentiment expressed in the sentence is positive. The use of ""what better message"" and the rhetorical",1,"The sentiment in the given statement is positive. The phrase ""love thyself"" is generally seen as",-1,"To analyze the sentiment of the statement ""what better message than `love thyself' could young women",1,"This sentence expresses a positive sentiment. The phrase ""love thyself"" is often seen as a powerful"
1,0,"The sentiment in the sentence can be classified as slightly negative. The phrase ""but more conscientious than",-1,"The sentiment expressed in the sentence ""a solid film... but more conscientious than it is truly stirring",-1,"The sentiment expressed in the phrase ""a solid film... but more conscientious than it is truly stirring",-1,"The sentiment of the statement ""a solid film... but more conscientious than it is truly stirring""",-1,"The given sentence ""a solid film... but more conscientious than it is truly stirring"" contains mixed"
0,0,"The sentiment of the sentence is negative. The phrase ""lifeless boxing film"" indicates dissatisfaction with the",0,"The sentiment expressed in the sentence is negative. The phrase ""lifeless boxing film"" indicates a lack",0,"The sentiment of the given sentence is negative.

This can be determined from the phrase ""lifeless,""",0,"The sentiment of the given statement can be classified as negative. The statement suggests that while the subject """,0,"The given sentence expresses a negative sentiment. The phrase ""lifeless boxing film"" and the implication that"
0,0,"The sentiment in this sentence is negative. The phrase ""he obviously doesn't have his heart in it",0,"The sentiment expressed in this sentence is negative. The phrase ""doesn't have his heart in it""",0,"The sentiment in this statement is negative. The phrase ""doesn't have his heart in it"" indicates",0,"The sentiment of the given statement can be classified as negative.

To break this down:
- The phrase",0,"The given sentence contains a negative sentiment. The phrase ""doesn't have his heart in it"" suggests"
1,1,"The sentiment in this sentence can be classified as positive. The key phrases that indicate this are ""ener",1,The sentiment expressed in the given sentence can be considered as mixed but leaning towards positive. Here's the,1,"The sentiment expressed in the given statement is mixed but leans positive. Here's why:

- ""E",1,"The sentiment of the given statement can be classified as positive. The key indicators for this classification include:

",1,"The sentence can be classified as positive. It highlights several favorable aspects such as ""manga-like heroine"
0,0,"The sentiment in this sentence can be considered slightly negative. The phrase ""put a little too much heart",0,The sentiment expressed in this sentence is mixed but leans slightly negative. The sentence praises Robert Rodriguez for being,0,"The sentiment of the given sentence is slightly negative. The phrase ""put a little too much heart into",-1,"To analyze the sentiment of this statement, let's break it down:

1. ""The talented and",0,"The given sentence contains mixed sentiments, but it leans more towards a negative one. The phrase ""put"
0,0,"The sentiment in the sentence is negative. The phrase ""too formulaic and too familiar"" suggests a",0,"The sentiment expressed in the sentence is negative. The phrase ""too formulaic and too familiar"" indicates",0,"The sentiment expressed in the given sentence is negative. The phrase ""too formulaic and too familiar""",0,"The sentiment of the statement can be classified as negative. The phrase ""too formulaic and too familiar",0,"The sentence expresses a negative sentiment. It indicates that the work feels repetitive (""too formulaic"") and"
1,1,"The sentiment in this sentence can be classified as positive. The use of words like ""unhur",1,"The sentiment expressed in the given sentence is generally positive. The key indicators for this positive sentiment are:

",1,"The sentiment for this sentence is positive. The description highlights several aspects that contribute to the positive sentiment:

",-1,"To analyze the sentiment of this statement, let's break it down into its components:

1. **",1,"The given sentence contains both positive and negative elements, but overall, it leans towards a positive sentiment."
1,1,"The sentiment in the sentence ""overall very good for what it's trying to do"" is positive.",1,"The sentiment expressed in the sentence ""overall very good for what it's trying to do"" is positive",1,"The sentiment in the given statement is positive. The phrase ""very good"" directly indicates a positive sentiment",-1,"The sentiment of the statement ""overall very good for what it's trying to do"" can be classified",1,"The sentence ""overall very good for what it's trying to do"" expresses a positive sentiment. The"
1,1,"The sentiment of the sentence can be classified as positive. The words ""big,"" ""gorgeous",1,"The sentiment expressed in the sentence is positive. The use of words like ""gorgeous,"" """,1,"The sentiment of the given sentence is positive. The use of words like ""big,"" ""gorge",1,"The sentiment of this statement can be classified as positive. The words ""big,"" ""gorgeous",1,"The given sentence can be classified as positive. It describes the movie in a favorable way, using words"
1,1,"The sentiment in this sentence is positive. Despite mentioning some negatives like ""difficult,"" ""repet",1,"The sentiment expressed in this sentence is positive. While the sentence does mention some negative aspects like ""diff",1,"The sentiment in the given sentence is positive.

Although the sentence mentions some aspects that could be seen as",-1,"To analyze the sentiment of this statement, let's break it down:

1. ""difficult,",-1,"To classify this sentence, we need to look at the overall tone and the specific words used. Here"
0,-1,"The sentiment in the sentence ""the heavy-handed film is almost laughable as a consequence"" can be",-1,"The sentiment expressed in the sentence ""the heavy-handed film is almost laughable as a consequence"" is",0,"The sentiment of the given sentence is negative.

This can be determined from the words ""heavy-handed""",-1,"The sentiment of the statement ""the heavy-handed film is almost laughable as a consequence"" can be",0,"The sentence ""the heavy-handed film is almost laughable as a consequence"" expresses a negative sentiment."
1,1,"The sentiment in the sentence ""a solid examination of the male midlife crisis"" is generally positive.",-1,"The sentiment expressed in the sentence ""a solid examination of the male midlife crisis"" appears to be",1,"The sentiment of the phrase ""a solid examination of the male midlife crisis"" is generally positive.",1,"The sentiment of the statement ""a solid examination of the male midlife crisis"" is generally positive.",1,"The sentence ""a solid examination of the male midlife crisis"" expresses a neutral to slightly positive sentiment"
0,0,"The sentiment expressed in this sentence is negative. The use of words like ""nightmare,"" ""dis",0,"The sentiment expressed in the given sentence is negative. The use of words like ""nightmare"" and",0,"The sentiment of the given sentence is negative. The phrase ""nightmare date"" sets a very unfavorable",0,"The sentiment of the statement is clearly negative. The phrase ""nightmare date"" immediately sets a negative",0,"The given sentence expresses a negative sentiment. The phrase ""nightmare date"" sets a very unfavorable tone"
1,1,"The sentiment in this sentence appears to be positive. The phrase ""transcends"" suggests moving beyond",1,"The sentiment expressed in the sentence is positive. The phrase ""transcends"" suggests improvement or elevation",1,"The sentiment of the given sentence is positive.

This sentence indicates that despite the common elements like ""sex",-1,"The sentiment of the statement ""manages to transcend the sex, drugs and show-tunes plot into",-1,"The sentence ""manages to transcend the sex, drugs and show-tunes plot into something far richer"
0,0,"The sentiment in this sentence is negative. The phrase ""lifeless"" and describing the subject (""the",0,"The sentiment expressed in the sentence is negative. The phrase ""lifeless movie"" and the implication that",0,"The sentiment of the given sentence is negative. The phrase ""lifeless"" and the implication that it",-1,"The sentiment of the statement ""it takes talent to make a lifeless movie about the most heinous",0,"The sentence expresses a negative sentiment. It criticizes the quality of the movie (""lifeless"") and"
0,0,"The sentiment in this sentence appears to be negative. The phrase ""confused when it came time to",0,The sentiment expressed in this sentence leans more towards a negative one. The key points that indicate this are,0,"The sentiment expressed in the given sentence is negative. The phrase ""confused when it came time to",0,The sentiment of this statement can be classified as slightly negative. The speaker expresses confusion about the core message,1,"The given sentence contains both positive and negative elements, but overall it leans more towards a negative sentiment."
1,-1,"The sentiment in the sentence ""like leon, it's frustrating and still oddly likable"" is",-1,"The sentiment expressed in the sentence ""like leon, it's frustrating and still oddly likable""",0,"The sentiment in the given statement can be interpreted as mixed or complex, leaning slightly towards negative. Here",-1,"The sentiment of the statement ""like Leon, it's frustrating and still oddly likable"" can be",1,"The given sentence ""like leon, it's frustrating and still oddly likable"" contains both positive"
0,0,"The sentiment in this sentence can be classified as negative. The phrase ""uncommonly stylish but equally",0,"The sentiment expressed in the given sentence is negative. The phrase ""uncommonly stylish but equally silly",0,"The sentiment expressed in this statement is negative. The phrase ""uncommonly stylish but equally silly""",0,"The sentiment of the given statement can be classified as negative. Here's an analysis:

- ""un",0,"The given sentence contains mixed sentiments and leans more towards a negative tone. Key phrases like ""fails to"
0,0,"The sentiment of the sentence ""not exactly the bees knees"" is negative. The phrase ""bees",0,"The sentiment expressed in the sentence ""not exactly the bees knees"" is negative. The phrase ""be",0,"The phrase ""not exactly the bees knees"" has a negative sentiment. The term ""bees knees",0,"The statement ""not exactly the bees knees"" expresses a negative sentiment. The phrase ""bees knees",-1,"The phrase ""not exactly the bees knees"" is generally used to express something that is not impressive or"
0,0,"The sentiment in the given sentence appears to be negative. The phrase ""no clear path"" and the",0,The sentiment expressed in the given sentence is negative. The sentence conveys uncertainty and ambiguity about the direction,0,"The sentiment in the given statement is negative. The phrase ""no clear path"" and the implication of",0,The sentiment of the given statement can be classified as negative. The statement expresses uncertainty and lack of direction,-1,The given sentence expresses uncertainty and lack of clarity about the direction and duration of the story. This can
0,0,"The sentiment of the sentence is negative. The speaker is expressing dissatisfaction with a movie, comparing it unfavor",0,"The sentiment expressed in the given sentence is negative. The speaker is criticizing a particular film or movie,",0,The sentiment in the given statement is negative. The speaker expresses dissatisfaction with spending money on a movie that,0,"The sentiment of the given statement is negative. 

This statement expresses dissatisfaction with the cost of entertainment and",1,"The given sentence contains both positive and negative sentiments, but overall, it leans more towards a negative tone"
1,-1,"The given sentence ""a woman's pic directed with resonance by ilya chaiken"" does not",-1,"The given sentence ""a woman's pic directed with resonance by ilya chaiken"" does not",-1,"The phrase ""a woman's pic directed with resonance by Ilya Chaiken"" does not clearly convey",-1,"The given statement ""a woman's pic directed with resonance by ilya chaiken"" is somewhat",-1,"The given sentence ""a woman's pic directed with resonance by ilya chaiken"" does not"
0,0,The sentiment in the given sentence can be classified as negative. The sentence expresses that while the film might,0,The sentiment expressed in the given sentence leans more towards a negative tone. The sentence suggests that while the,0,"The sentiment in the given statement is negative. The phrase ""looks made for cable rather than for the",0,"The sentiment of the given statement can be classified as slightly negative.

Let's break it down:

1",0,"The given sentence can be classified as having a slightly negative sentiment. The phrase ""but"" at the"
0,1,The sentiment in this sentence appears to be neutral or slightly positive. The statement emphasizes that even with the,0,"The sentiment expressed in this sentence appears to be slightly negative. The sentence suggests that despite employing ""art",1,"The sentiment in the given sentence is **positive**. 

While the sentence acknowledges that characters might be",-1,"To analyze the sentiment of this statement, let's break it down:

1. The statement emphasizes that",1,The sentence you provided is more nuanced and does not clearly express a positive or negative sentiment in terms of
0,-1,"The sentiment in the sentence ""the end result is a film that's neither"" can be classified as",-1,"The sentiment expressed in the sentence ""the end result is a film that's neither"" is mixed and",0,"The sentiment expressed in the phrase ""the end result is a film that's neither"" is negative.

",-1,"The sentiment of the statement ""the end result is a film that's neither"" can be classified as",-1,"The sentence ""the end result is a film that's neither"" can be interpreted as expressing a neutral"
1,-1,"The sentiment in the sentence ""manages to be sweet and wickedly satisfying at the same time""",-1,"The sentiment expressed in the sentence ""manages to be sweet and wickedly satisfying at the same time",-1,"The sentiment in the phrase ""manages to be sweet and wickedly satisfying at the same time""",-1,"The sentiment of the statement ""manages to be sweet and wickedly satisfying at the same time""",1,"The sentence ""manages to be sweet and wickedly satisfying at the same time"" expresses a positive"
1,-1,"The sentiment in the sentence ""Leigh's film is full of memorable performances from top to bottom""",-1,"The sentiment expressed in the sentence ""Leigh's film is full of memorable performances from top to bottom",-1,"The sentiment expressed in the sentence ""Leigh's film is full of memorable performances from top to bottom",-1,"The sentiment of the statement ""Leigh's film is full of memorable performances from top to bottom""",1,"The sentence ""Leigh's film is full of memorable performances from top to bottom"" expresses a positive"
1,1,"The sentiment in the sentence ""it's also, clearly, great fun"" is positive. The words",1,"The sentiment expressed in the sentence ""it's also, clearly, great fun"" is positive. The",1,"The sentiment in the phrase ""it's also, clearly, great fun"" is positive.

The words",1,"The sentiment of the statement ""it's also, clearly, great fun"" is positive. The word",1,"The sentence ""it's also, clearly, great fun"" expresses a positive sentiment. The words """
0,1,"The sentiment in the sentence ""rarely has leukemia looked so shimmering and benign"" is positive",-1,"The sentiment expressed in the sentence ""rarely has leukemia looked so shimmering and benign"" is",1,"The sentiment of the given sentence is positive.

The phrase ""looked so shimmering and benign""",-1,"To analyze the sentiment of the statement ""rarely has leukemia looked so shimmering and benign,""",-1,"To classify the sentiment of the sentence ""rarely has leukemia looked so shimmering and benign,"""
1,1,"The sentiment in the sentence is positive. The speaker expresses excitement and anticipation, indicating they were eagerly awaiting",1,The sentiment expressed in the sentence is positive. The speaker expresses enthusiasm and anticipation about the movie they are,1,"The sentiment in the given statement is positive. The speaker expresses enthusiasm and excitement about the movie, indicating",1,The sentiment of the statement can be classified as positive. The speaker expresses excitement and anticipation about the movie,1,This sentence expresses a positive sentiment. The speaker indicates excitement and anticipation for both the current movie and its
0,1,"The sentiment in the given sentence can be classified as mixed, leaning slightly negative. The sentence highlights positive",0,The sentiment expressed in the given sentence can be considered mixed but leaning towards negative. Here's the breakdown,0,"Based on the given sentence, the sentiment appears to be negative. The phrase ""didn't quite engage",-1,"To analyze the sentiment of the given statement, let's break it down into its components:

1.",1,"The given sentence contains mixed sentiments. It highlights positive aspects such as ""fun,"" ""bouncy,"""
1,1,"The sentiment of the sentence is positive. The exclamation ""enjoy!"" at the end clearly indicates",1,"The sentiment expressed in the sentence is positive. The use of ""rent this movie and enjoy!"" indicates",1,"The sentiment of the given statement is positive. The exclamation ""enjoy!"" at the end clearly",1,"The sentiment of the statement can be classified as positive. The recommendation to ""rent this movie and enjoy",1,"The given sentence can be classified as positive. The phrase ""rent this movie and enjoy!"" at the"
1,1,"The sentiment in this sentence can be classified as positive. The phrase ""bleakly funny"" suggests",1,"The sentiment expressed in the sentence can be considered as mixed but leaning towards positive. 

""Blak",1,"The sentiment of the given sentence is positive.

The phrase ""bleakly funny"" suggests that despite",-1,"The sentiment of the statement ""bleakly funny, its characters all the more touching for refusing to",-1,"The sentence ""bleakly funny, its characters all the more touching for refusing to pity or memorial"
0,0,"The sentiment in this sentence is negative. The phrase ""delivers the same old same old"" suggests",0,"The sentiment expressed in the given sentence is negative. The phrase ""delivers the same old same old",0,"The sentiment expressed in the given sentence is negative. The phrase ""delivers the same old same old",0,"The sentiment of the given statement is negative. The phrase ""delivers the same old same old""",-1,"The sentence ""delivers the same old same old, tarted up with Latin flair and turned out"
0,0,"The sentiment in this sentence is negative. The phrases ""glib soullessness,"" ""raunchy",0,"The sentiment expressed in the given sentence is negative. The use of words like ""glib soullessness",0,"The sentiment in this statement is negative. The phrases ""glib soullessness,"" ""raunchy",0,"The sentiment of the given statement is negative. The phrases ""glib soullessness,"" ""raunch",0,"The sentence you provided expresses a negative sentiment. The use of words like ""glib soullessness,"""
0,0,"The sentiment in this sentence is negative. The phrase ""want to wrench my eyes out of my head",-1,"The sentiment expressed in the sentence ""it made me want to wrench my eyes out of my head and",0,"The sentiment expressed in the given sentence is negative. The phrase ""wrench my eyes out of my",-1,"The sentiment of the statement ""it made me want to wrench my eyes out of my head and toss",0,"This sentence expresses a very strong negative sentiment. The phrase ""wrench my eyes out of my head"
1,1,"The sentiment in the sentence ""the film's performances are thrilling"" is positive. The word ""thr",1,"The sentiment expressed in the sentence ""the film's performances are thrilling"" is positive. The word """,1,"The sentiment of the sentence ""the film's performances are thrilling"" is positive. The word ""thr",1,"The sentiment of the statement ""the film's performances are thrilling"" can be classified as positive. The",1,"The sentence ""the film's performances are thrilling"" expresses a positive sentiment. The word ""thrilling"
0,0,"The sentiment in the sentence is negative. The phrase ""unfortunately"" at the beginning immediately sets a",0,"The sentiment expressed in the sentence is negative. The use of the word ""unfortunately"" at the",0,"The sentiment in the given sentence is negative. The phrase ""unfortunately"" at the beginning sets a",-1,"The sentiment of the statement ""unfortunately, it's not silly fun unless you enjoy really bad movies",-1,"The sentence ""unfortunately, it's not silly fun unless you enjoy really bad movies"" contains both"
0,0,"The sentiment in the sentence is negative. The phrase ""bad thing"" and the comparison of the movie",0,"The sentiment expressed in the sentence is negative. The use of words like ""bad"" and the comparison",0,"The sentiment in the given statement is negative. The phrase ""a bad thing"" and the comparison of",-1,"The sentiment of the statement ""it's a bad thing when a movie has about as much substance as",0,"The sentence expresses a negative sentiment. The phrase ""bad thing"" and the comparison of the movie's"
0,0,"The sentiment in this sentence is mixed, leaning slightly negative. The speaker expresses sympathy for the situation described",0,"The sentiment expressed in the given sentence is mixed, leaning slightly negative. The speaker shows sympathy for the",0,The sentiment in this statement is negative. Although the speaker expresses sympathy for the situation described (the plight,0,"The sentiment of this statement can be classified as mixed, leaning slightly negative.

Here's the breakdown:

",1,"The sentence contains both positive and negative elements, but overall it leans more towards a negative sentiment. Here"
0,-1,"The sentiment of the sentence ""the lower your expectations, the more you'll enjoy it"" can be",-1,"The sentiment expressed in the sentence ""the lower your expectations, the more you'll enjoy it"" can",1,"The sentiment of the statement ""the lower your expectations, the more you'll enjoy it"" is positive",-1,"To analyze the sentiment of the statement ""the lower your expectations, the more you'll enjoy it,""",-1,"The sentence ""the lower your expectations, the more you'll enjoy it"" can be interpreted in a"
0,0,"The sentiment in this sentence is negative. While it acknowledges that Perry and Hurley are making ""ins",0,"The sentiment expressed in this sentence is mixed but leans slightly negative. Here's a breakdown:

- The",0,"The sentiment in this sentence is negative. Despite the efforts of Perry and Hurley, who are trying",0,"The sentiment of the given statement is negative. 

To break this down further:
- The statement acknowledges",1,"The given sentence contains both positive and negative elements, but overall, it leans more towards a negative sentiment"
1,1,"The sentiment of the sentence is positive. The phrase ""must-see"" indicates that the movie is",1,"The sentiment expressed in the sentence is positive. The phrase ""must-see"" indicates that the movie",1,"The sentiment expressed in this statement is positive. The phrase ""must-see"" indicates that the movie",1,"The sentiment of this statement can be classified as positive. The phrase ""must-see"" indicates that",1,"The given sentence is classified as **positive**. The phrase ""must-see"" indicates that the"
1,1,"The sentiment in this sentence appears to be positive. The phrase ""brilliant"" indicates admiration and",1,"The sentiment expressed in the sentence is positive. The phrase ""brilliant"" is used to describe",1,"The sentiment in this sentence is positive. The phrase ""brilliant"" indicates a highly favorable opinion",1,"The sentiment of this statement can be classified as positive. The phrase ""brilliant"" is used",1,"This sentence expresses a positive sentiment. The key phrases ""brilliant"" and ""increasing wear"
1,1,"The sentiment in the sentence appears to be positive. The phrase ""veritable source of sincere passion""",1,"The sentiment expressed in the sentence appears to be positive. The use of words like ""sincere",1,"The sentiment in the given sentence appears to be positive. The phrase ""veritable source of sincere passion",-1,"To analyze the sentiment of the statement, let's break down its components:

1. **""de",1,"The sentence can be interpreted as having a positive sentiment. The use of words like ""sincere"
0,0,"The sentiment in this sentence is clearly negative. The use of words like ""misogynistic,""",0,"The sentiment expressed in the sentence is negative. The use of words like ""misogynistic,""",0,"The sentiment of the given statement is negative. The phrase describes the content as ""misogynistic",0,"The sentiment of this statement is clearly negative. The words ""misogynistic,"" ""filth",-1,"The sentence ""a misogynistic piece of filth that attempts to pass itself off as hip, young"
0,0,The sentiment in this sentence appears to be negative. The speaker seems frustrated with the pacing or length of,0,"The sentiment expressed in the sentence is negative. The phrase ""another thousand to tell it to us""",0,The sentiment expressed in the given sentence is negative. The speaker seems frustrated or disappointed that a story which,0,"The sentiment of this statement can be classified as negative. The phrase ""why did it have to seem",-1,The given sentence expresses a sense of frustration and dissatisfaction with the pacing or storytelling of the narrative being referred
0,0,"The sentiment in the given sentence is negative. The statement expresses that despite others' enthusiasm (""everyone in",0,"The sentiment expressed in the given sentence is negative. Despite the initial enthusiasm (""everyone in my group ext",1,"The sentiment in the given statement is negative. Despite the positive reaction (""everyone in my group extempor",0,"The sentiment of this statement is negative. Despite the initial enthusiasm from the group (""everyone in my group",0,"The given sentence contains mixed sentiments but leans more towards a negative one. Here's a breakdown:

-"
1,1,"The sentiment for this sentence is positive. The phrase ""beautiful to behold"" and the description of the",1,"The sentiment expressed in the sentence is positive. The key indicators are:

1. ""beautiful to behold",1,"The sentiment for the given statement is positive. The phrase ""beautiful to behold"" and the description of",1,The sentiment of this statement can be classified as positive. The key phrases that indicate a positive sentiment include,1,"This sentence expresses a positive sentiment. The phrases ""beautiful to behold"" and ""engages one in"
1,1,"The sentiment in this sentence is positive. The phrase ""celebration"" indicates an appreciation or favorable",1,"The sentiment expressed in the given sentence can be interpreted as somewhat positive, albeit with a touch of caution",1,"The sentiment in the given statement is positive. The phrase ""celebration"" indicates an appreciation or",1,"The sentiment of this statement can be classified as positive. The phrase ""celebration"" indicates an",-1,"To classify this sentence, we need to analyze its connotations:

- ""Celebration"" suggests a"
1,1,"The sentiment of this sentence appears to be positive. The phrase ""brought us Morvern's soul",1,"The sentiment expressed in this sentence seems to be positive. The phrase ""brought us Morvern's",1,"The sentiment in this sentence appears to be positive. The phrase ""brings us Morvern's soul",1,"The sentiment of the given statement can be analyzed as positive. The statement praises Morton's acting skills,",0,The given sentence seems to be praising Morton's performance rather than expressing a negative opinion about the character.
1,1,"The sentiment in this sentence can be classified as positive. The phrase ""unpretentious"" suggests simplicity",1,The sentiment expressed in the given sentence leans more towards a positive or at least neutral appreciation. The phrase,1,"The sentiment in the given sentence is positive.

The phrase ""unpretentious"" suggests a straightforward and",-1,"To analyze the sentiment of this statement, let's break down its components:

1. **Hyperb",1,"The sentence can be classified as positive. It highlights the film's qualities of being ""unpretentious"
1,1,"The given sentence ""my thoughts were focused on the characters"" does not inherently carry a positive or negative",-1,"The sentiment expressed in the sentence ""my thoughts were focused on the characters"" does not inherently convey a",1,"The sentiment of the phrase ""my thoughts were focused on the characters"" is generally positive. It suggests",-1,"The sentiment of the statement ""my thoughts were focused on the characters"" is neutral. It does not",1,"The sentence ""my thoughts were focused on the characters"" does not express a clear positive or negative sentiment"
1,-1,"The sentence provided ""so, too, is this comedy about mild culture clashing in today's New",-1,"The given sentence ""so, too, is this comedy about mild culture clashing in today's New",-1,"The given statement ""so, too, is this comedy about mild culture clashing in today's New",-1,"The given statement ""so, too, is this comedy about mild culture clashing in today's New",-1,"The given sentence ""so, too, is this comedy about mild culture clashing in today's New"
0,-1,"The sentiment in the sentence ""for starters, the story is just too slim"" can be classified as",0,"The sentiment expressed in the sentence ""for starters, the story is just too slim"" is negative.",-1,"The sentiment in the phrase ""for starters, the story is just too slim"" can be interpreted as",-1,"The sentiment of the statement ""for starters, the story is just too slim"" can be classified as",0,"The sentence ""for starters, the story is just too slim"" expresses a negative sentiment. The phrase"
1,1,"The sentiment of the sentence is positive. The phrase ""winning ensemble comedy"" and the use of",1,"The sentiment expressed in the given sentence is positive. The sentence praises the comedy show for successfully delivering """,1,"The sentiment of this statement is positive. The phrase ""winning ensemble comedy"" indicates a favorable view",1,"The sentiment of this statement is positive. The key indicators for this classification include:

1. **""",1,"The given sentence expresses a positive sentiment. The key phrases that indicate this are ""winning ensemble comedy"
0,0,"The sentiment of the sentence is slightly negative. The phrase ""at the very least"" suggests an undesirable",0,"The sentiment expressed in this sentence can be interpreted as slightly negative. The phrase ""at the very least",0,"The sentiment of this statement leans negative. The phrase ""if you don't know anything about Derr",-1,"To analyze the sentiment of this statement, let's break down its components:

1. The statement suggests",1,"The given sentence does not clearly express a positive or negative sentiment in terms of its content. Instead,"
1,1,"The sentiment in this sentence is mixed but leans towards positive. The phrase ""dizzying heights achieved",0,"The sentiment of the given sentence can be interpreted as mixed, leaning towards slightly negative. The sentence highlights",1,"The sentiment of this sentence is positive. The phrase ""dizzying heights"" suggests impressive achievements,",-1,"To analyze the sentiment of this statement, let's break it down:

1. ""The format gets",1,"The given sentence contains both positive and negative elements, but leans more towards the positive side. It describes"
1,1,"The sentiment of this sentence can be classified as positive. The key points that indicate this are:

1",1,The sentiment expressed in this sentence leans more towards positive. While it acknowledges that the moral message isn't,1,"The sentiment of the given statement can be considered as positive. The phrase ""tension that keeps you",-1,"To analyze the sentiment of this statement, let's break it down:

1. **""inside the",1,"The given sentence can be classified as having both positive and negative elements, but leaning towards a positive sentiment"
0,-1,"The sentiment of the sentence ""there ought to be a directing license, so that ed burns can have",0,The sentiment expressed in the sentence appears to be negative. The statement suggests that someone (presumably Ed,0,The sentiment in the given statement appears to be negative. The statement suggests that Ed Burns should lose his,0,The sentiment of the given statement is negative. It expresses dissatisfaction with Ed Burns' work and suggests that,-1,"The given sentence ""there ought to be a directing license, so that ed burns can have his revoked"
0,0,"The sentiment of the sentence ""bad"" is negative.",0,"The sentiment expressed in the sentence ""bad"" is negative.",0,"Based on the word ""bad,"" the sentiment expressed is negative.",0,"The sentiment of the statement ""bad"" is negative. 

Classification: Negative",0,"The sentence ""bad"" is inherently negative. Therefore, I would classify it as:

**Negative**"
1,1,The sentiment in this sentence can be classified as positive. The key phrases that indicate a positive sentiment are,1,The sentiment expressed in the given sentence can be considered mixed but leans more towards positive. Here's a,1,"The sentiment in this statement can be interpreted as positive. Key phrases indicating a positive sentiment include ""good",-1,"To analyze the sentiment of this statement, let's break it down:

1. ""that dogged",-1,"To classify the sentiment of this sentence, let's break it down:

- ""good will of the"
1,-1,"The sentiment in the sentence ""falls neatly into the category of good stupid fun"" can be classified as",-1,"The sentiment expressed in the sentence ""falls neatly into the category of good stupid fun"" can be interpreted",1,"The sentiment expressed in the phrase ""falls neatly into the category of good stupid fun"" is positive.

",-1,"The sentiment of the statement ""falls neatly into the category of good stupid fun"" can be classified as",-1,"The sentence ""falls neatly into the category of good stupid fun"" can be interpreted in different ways depending"
1,1,"The sentiment in this sentence is generally positive. The words ""artful,"" ""intelligent,"" and",1,"The sentiment expressed in the sentence is positive. The words ""artful,"" ""intelligent,"" and",-1,"The sentiment expressed in the sentence ""an artful, intelligent film that stays within the confines of a",-1,"The sentiment of the statement ""an artful, intelligent film that stays within the confines of a well",-1,"The sentence ""an artful, intelligent film that stays within the confines of a well-established genre"""
1,1,"The sentiment expressed in the sentence ""smart, provocative and blisteringly funny"" is clearly positive. The",1,"The sentiment expressed in the sentence ""smart, provocative and blisteringly funny"" is predominantly positive. The",-1,"Based on the given words ""smart"", ""provocative"" and ""blisteringly funny"",",1,"The sentiment of the statement ""smart, provocative and blisteringly funny"" is clearly positive. The words",1,"The sentence ""smart, provocative and blisteringly funny"" expresses a positive sentiment. The words ""smart"
0,-1,"The sentiment of the sentence ""and the lesson, in the end, is nothing new"" can be",-1,"The sentiment expressed in the sentence ""and the lesson, in the end, is nothing new"" is",0,"The sentiment of the phrase ""and the lesson, in the end, is nothing new"" is negative",-1,"The sentiment of the statement ""and the lesson, in the end, is nothing new."" can be",-1,"The sentence ""and the lesson, in the end, is nothing new"" can be interpreted as having"
0,0,"The sentiment in this sentence can be classified as negative. The phrase ""undisputed worst"" and",0,The sentiment expressed in the given sentence leans more towards a negative tone. While the sentence acknowledges that the,0,"The sentiment of this statement leans negative. The phrase ""not the undisputed worst"" suggests that while",-1,"To analyze the sentiment of this statement, let's break it down:

1. ""this is not",-1,"To classify the sentiment of this sentence, let's break it down:

- The phrase ""not the"
1,1,"The sentiment in this sentence is positive. The statement praises ""Undercover Brother"" for being both fun",1,"The sentiment expressed in the given sentence is positive. The sentence praises ""Undercover Brother"" for being",1,"The sentiment expressed in this statement is positive. The phrase highlights that ""Undercover Brother"" is both",1,"The sentiment of this statement is clearly positive. The statement praises ""Undercover Brother"" for being as",1,"The sentence can be classified as positive. It expresses a favorable opinion about the movie ""Undercover Brother"
0,0,"The sentiment of the sentence can be considered negative. The comparison ""to say this was done better in",0,"The sentiment expressed in the sentence is negative. The comparison ""to say this was done better in Wild",0,"The sentiment of this statement is negative.

The speaker is expressing that they believe another movie (""Some Like",0,"The sentiment of the statement can be classified as negative. The comparison to ""some like it hot""",-1,"To classify this sentence, let's break it down:

- The sentence begins with ""to say this"
0,-1,"The sentiment of the sentence ""the entire movie is about a boring, sad man being boring and sad",0,"The sentiment expressed in the sentence is negative. The use of words like ""boring"" and """,0,The sentiment of the given statement is negative. The description paints a picture of a movie that revolves around,-1,"The sentiment of the statement ""the entire movie is about a boring, sad man being boring and sad",-1,"The sentence ""the entire movie is about a boring, sad man being boring and sad"" expresses a"
0,0,"The sentiment of the sentence can be classified as negative. The phrase ""trips him up again""",0,"The sentiment expressed in the sentence is negative. The phrase ""trips him up again"" suggests that",0,"The sentiment of this sentence appears to be negative. The phrase ""trips him up again"" suggests",-1,"To analyze the sentiment of this statement, let's break down its components:

1. **""this",1,"The given sentence contains both positive and negative elements, but overall, it leans more towards a negative sentiment"
0,0,"The sentiment in the given sentence is mixed but leans slightly negative. The phrase ""perceptive in its",1,The sentiment expressed in the given sentence is mixed but leans more towards negative. The sentence acknowledges some positive,0,"The sentiment expressed in the given statement is negative. The phrase ""far too clunky, didactic",0,"The sentiment of the given statement can be classified as negative. The statement highlights several criticisms:

1.",1,The given sentence contains mixed sentiments. It starts with a positive sentiment expressing appreciation for the film's vision
1,1,"The sentiment in this sentence appears to be positive. The phrase ""the best revenge may just be living",1,The sentiment expressed in the given sentence can be interpreted as positive. The sentence praises the film being discussed,1,"The sentiment of the given statement appears to be positive. The phrase ""the best revenge"" suggests an",-1,"To analyze the sentiment of the given statement, let's break it down:

1. ""the best",1,"The given sentence contains elements that suggest both positive and negative sentiments, but overall, it leans more towards"
1,1,The sentiment in this sentence appears to be positive. The sentence praises the movie for understanding deeply the emotional,1,The sentiment expressed in the sentence is positive. The sentence praises the movie for understanding the profound emotional aspects,1,"Positive

The sentence expresses appreciation for how the movie captures the profound connection between emotions and physical intimacy.",-1,"To analyze the sentiment of this statement, let's break down the key elements:

1. **""",1,This sentence expresses a positive sentiment. It praises the movie for understanding and capturing the profound emotional aspects that
0,0,"The sentiment in this sentence appears to be negative. The phrase ""too high a price to pay""",0,"The sentiment expressed in this sentence appears to be negative. The phrase ""too high a price to pay",0,"The sentiment in this sentence appears to be negative. The phrase ""too high a price to pay""",0,"The sentiment of this statement is negative. The phrase ""too high a price to pay"" indicates that",0,"The given sentence contains mixed sentiments but leans more towards a negative perspective. The phrase ""too high a"
0,-1,"The sentiment in the sentence ""all that's missing is the spontaneity, originality and delight",-1,"The sentiment expressed in the sentence ""all that's missing is the spontaneity, originality and",0,"The sentiment of the given sentence is negative. The phrase ""all that's missing"" suggests that there",-1,"To analyze the sentiment of the statement ""all that's missing is the spontaneity, originality",-1,"The given sentence ""all that's missing is the spontaneity, originality and delight"" expresses"
1,1,"The sentiment of this sentence can be classified as positive. The phrase ""makes up for in compassion""",1,The sentiment expressed in the given sentence is positive. The sentence acknowledges that the film may lack in general,1,"The sentiment of this statement is positive.

Key phrases that indicate a positive sentiment include:
- ""it",1,"The sentiment of the statement can be classified as positive. The key phrases that indicate this sentiment are """,1,"The sentence can be classified as positive. The phrase ""makes up for in compassion"" indicates that despite"
1,1,"The sentiment of this sentence seems to be positive. The phrase ""told in earnest strides"" suggests",-1,"To analyze the sentiment of this sentence, we need to break it down into its components:

1.",1,"Based on the given sentence, the sentiment appears to be positive. The phrase ""told in earnest",-1,"To analyze the sentiment of this statement, let's break it down:

1. ""The socio-h",-1,"To classify the sentiment of the given sentence, let's break it down into its components:

1."
0,0,"The sentiment of the sentence ""my reaction in a word : disappointment"" is negative.",0,"The sentiment expressed in the sentence ""my reaction in a word : disappointment"" is negative. The word",0,"The sentiment expressed in the phrase ""my reaction in a word: disappointment"" is negative.",0,"The sentiment of the statement ""my reaction in a word : disappointment"" is negative. The word """,0,"The sentence ""my reaction in a word : disappointment"" expresses a negative sentiment. The word ""dis"
1,1,"The sentiment in this sentence is positive. The phrases ""genuinely spooky premise,"" ""above-average",1,"The sentiment expressed in the given sentence is positive. The use of words like ""genuinely spooky",1,"Based on the description provided, the sentiment appears to be positive. The key phrases that indicate this are",1,"The sentiment of this statement is clearly positive. The phrases ""genuinely spooky premise,"" ""above",1,"The given sentence expresses a positive sentiment. The use of words like ""genuinely spooky,"" """
1,1,"The sentiment in this sentence is mixed, leaning slightly towards positive despite some negative descriptors. The phrase """,1,"The sentiment expressed in the given sentence can be considered mixed but leaning towards slightly positive. The words """,1,"The sentiment in the given statement is mixed, leaning slightly positive despite the negative descriptors. Here's a",1,"The sentiment of this statement can be classified as mixed, leaning towards slightly positive. Here's the breakdown",1,"The given sentence contains both positive and negative sentiments, but it leans more towards the negative side. Here"
1,1,"The sentiment in this sentence can be classified as mixed, but leaning slightly towards positive. 

The first",1,The sentiment expressed in this sentence can be interpreted as mixed but leaning towards positive. Here's a breakdown,1,"The sentiment in this statement leans more towards positive. The phrase ""lots of fun"" at the end",-1,"To analyze the sentiment of this statement, let's break it down into parts:

1. ""nothing",1,"The given sentence contains both positive and negative elements, but the overall sentiment leans more towards positive.

-"
1,1,"The sentiment in this sentence is positive. The phrase ""far more imaginative and ambitious"" indicates admiration and",1,"The sentiment expressed in this sentence is positive. The use of words like ""imaginative,"" ""amb",1,"The sentiment in this statement is positive. The phrase ""far more imaginative and ambitious"" indicates a favorable",1,"The sentiment of this statement is positive. The phrase ""far more imaginative and ambitious"" indicates admiration for",1,"The sentence can be classified as positive. The use of words like ""imaginative,"" ""ambitious"
0,0,"The sentiment in this sentence is mixed, leaning slightly negative. The phrase ""of course"" suggests an",-1,"The sentiment expressed in the sentence ""of course, by more objective measurements it's still quite bad""",0,"The sentiment in the given statement is negative.

The phrase ""by more objective measurements it's still quite",-1,"The sentiment of the statement ""Of course, by more objective measurements it's still quite bad."" can",0,"The sentence ""of course, by more objective measurements it's still quite bad."" contains a negative sentiment"
1,1,"The sentiment in this sentence is positive. The words ""charming"" and ""chemistry"" indicate favorable",1,"The sentiment expressed in the sentence is positive. The words ""charming"" and ""chemistry"" indicate",1,"The sentiment expressed in the given sentence is positive. The words ""charming"" and ""chemistry""",1,"The sentiment of the statement can be classified as positive. The words ""charming"" and ""chemistry",1,"This sentence expresses a positive sentiment. The words ""charming"" and ""chemistry"" indicate that the"
1,1,"The sentiment in the sentence appears to be positive. The phrase ""honest look"" suggests an unbiased",1,"The sentiment expressed in the sentence is positive. The phrase ""honest look"" suggests transparency and authenticity",1,"The sentiment of the given sentence is positive. The phrase ""honest look"" suggests transparency and authenticity",-1,"The sentiment of the statement ""it provides an honest look at a community striving to anchor itself in new",-1,"The sentence ""it provides an honest look at a community striving to anchor itself in new grounds"" can"
0,0,"The sentiment of the sentence ""this movie seems to have been written using mad-libs"" is negative",-1,"The sentiment expressed in the sentence ""this movie seems to have been written using mad-libs"" is",0,"Negative

The phrase ""this movie seems to have been written using mad-libs"" suggests that the",-1,"The sentiment of the statement ""this movie seems to have been written using mad-libs"" can be",0,"The sentence ""this movie seems to have been written using mad-libs"" expresses a negative sentiment."
1,0,"The sentiment in this sentence is negative. The phrase ""made without much thought"" suggests criticism or disappointment",0,"The sentiment expressed in the sentence is negative. The phrase ""made without much thought"" suggests criticism and",0,"The sentiment in this statement is negative. The phrase ""made without much thought"" suggests criticism and implies",0,"The sentiment of this statement can be classified as negative. The phrase ""made without much thought"" implies",-1,"The sentence ""reign of fire looks as if it was made without much thought -- and is best"
1,1,The sentiment of this sentence appears to be positive. The sentence describes the characters Martin and Barbara as complex,1,"The sentiment expressed in the given sentence is positive. The sentence describes the characters Martin and Barbara as """,1,"Based on the sentiment analysis of the given sentence, the overall tone is positive. The phrases ""complex",1,The sentiment of this statement can be classified as positive. The description highlights the nuanced and multi-fac,-1,"The given sentence describes the characters Martin and Barbara in a nuanced manner, highlighting both their complex nature and"
0,0,The sentiment in this sentence is negative. The speaker is expressing that while Kung Pow may be funny,0,"The sentiment expressed in this sentence is negative. The speaker is comparing ""Kung Pow"" to other",0,"The sentiment in this statement is negative. The reviewer is not praising ""Kung Pow"" for being",-1,"To analyze the sentiment of this statement, let's break it down:

1. The phrase ""it",0,"The given sentence expresses a negative sentiment. The speaker is comparing ""Kung Pow"" to other martial"
0,-1,"The sentiment in the sentence ""i'd have to say the star and director are the big problems here",-1,"The sentiment expressed in the sentence ""i'd have to say the star and director are the big problems",-1,"The sentiment expressed in the sentence ""i 'd have to say the star and director are the big",-1,"The sentiment of the statement ""i'd have to say the star and director are the big problems here",-1,"The sentence ""I'd have to say the star and director are the big problems here"" expresses a"
1,1,"The sentiment in the sentence ""affleck and jackson are good sparring partners"" is positive.",1,"The sentiment expressed in the sentence ""affleck and jackson are good sparring partners"" is positive",1,"The sentiment expressed in the sentence ""Affleck and Jackson are good sparring partners"" is positive.",1,"The sentiment of the statement ""Affleck and Jackson are good sparring partners"" is generally positive.",1,"The sentence ""Affleck and Jackson are good sparring partners"" expresses a positive sentiment. The use"
1,1,"The sentiment in this sentence is mixed but leans slightly positive. Here's why:

- The first part",1,The sentiment expressed in the given sentence can be interpreted as mixed but leaning towards positive. Here's why,0,"The sentiment in this statement leans more towards negative. The use of words like ""loathe"" to",0,"The sentiment of the given statement can be classified as **negative**.

Here's the breakdown:

1",-1,"To classify the sentiment of this sentence, let's break it down:

1. The first part """
1,1,"The sentiment in this sentence is positive. The phrase ""operatic grandeur"" suggests an impressive and",1,The sentiment expressed in this sentence is positive. The sentence praises the visual style and intensity conveyed in Ak,1,"The sentiment in this statement is positive. The phrase ""operatic grandeur"" suggests that the depiction",-1,"To analyze the sentiment of this statement, we need to consider the language used and its connotations:

",1,"This sentence expresses a highly positive sentiment. It praises Akira Kurosawa's film ""Ran"
0,-1,"The sentiment in the sentence ""a by-the-numbers effort that won't do much to enhance the",-1,"The sentiment expressed in the sentence ""a by-the-numbers effort that won't do much to enhance",0,"The sentiment of the given sentence is negative. The phrase ""by-the-numbers effort"" suggests a",-1,"The sentiment of the statement ""a by-the-numbers effort that won't do much to enhance the",-1,"The sentence ""a by-the-numbers effort that won't do much to enhance the franchise"" expresses"
0,-1,"The sentiment in the sentence ""an occasionally funny, but overall limp, fish-out-of-water story""",-1,"The sentiment expressed in the sentence ""an occasionally funny, but overall limp, fish-out-of-water story",1,"The sentiment of the given sentence is negative. The phrase ""occasionally funny"" suggests some positive aspects",-1,"The sentiment of the statement ""an occasionally funny, but overall limp, fish-out-of-water story""",-1,"The sentence ""an occasionally funny, but overall limp, fish-out-of-water story"" can be classified"
1,1,"The sentiment in this sentence appears to be positive. The phrase ""brilliantly explores"" indicates",-1,"The sentiment expressed in the sentence ""brilliantly explores the conflict between following one's heart and",1,"The sentiment expressed in the given sentence is positive. The phrase ""brilliantly explores"" indicates",-1,"The sentiment of the statement ""brilliantly explores the conflict between following one's heart and following",1,This sentence expresses a positive sentiment. It highlights the exploration of a complex and thought-provoking theme
1,1,The sentiment in this sentence can be classified as positive. Although the sentence mentions that the movie uses ,1,"The sentiment expressed in the sentence is positive. The phrase ""surprisingly cinematic experience"" indicates that despite",1,"The sentiment of the given statement is positive.

The sentence indicates that despite the use of 2D",1,The sentiment of the statement can be classified as positive. Despite mentioning that the movie uses 2D,1,"The sentence can be classified as positive. Although it mentions a drawback (2D animation), the overall"
0,-1,"The sentiment of the sentence ""it appears that something has been lost in the translation to the screen""",-1,"The sentiment expressed in the sentence ""it appears that something has been lost in the translation to the screen",-1,"The sentiment of the given sentence ""it appears that something has been lost in the translation to the screen",-1,"The sentiment of the statement ""it appears that something has been lost in the translation to the screen""",0,"The sentence ""it appears that something has been lost in the translation to the screen"" expresses a negative"
0,-1,"The sentiment in the sentence ""it all feels like a Monty Python sketch gone horribly wrong"" is",-1,"The sentiment expressed in the sentence ""it all feels like a Monty Python sketch gone horribly wrong""",-1,"The sentiment expressed in the phrase ""it all feels like a Monty Python sketch gone horribly wrong""",-1,"The sentiment of the statement ""it all feels like a Monty Python sketch gone horribly wrong"" is",0,"The sentence ""it all feels like a Monty Python sketch gone horribly wrong"" expresses a negative sentiment"
1,1,"The sentiment of this sentence is difficult to classify definitively as positive or negative without more context, but",-1,"The sentiment expressed in the sentence ""the film tunes into a grief that could lead a man across centuries",0,"The sentiment of the given sentence is slightly negative. The phrase ""tunes into a grief"" suggests",-1,"The sentiment of the statement ""the film tunes into a grief that could lead a man across centuries""",-1,"To classify the sentiment of this sentence, we need to consider the connotations and emotions it evokes"
1,1,"The sentiment of this sentence is positive. The phrases ""dazzles,"" ""determined stylishness",1,"The sentiment expressed in this sentence is positive. The key indicators of positivity include words like ""dazz",1,"The sentiment expressed in the given sentence is positive. The use of words like ""dazzles,""",1,"The sentiment of this statement is clearly positive. The key phrases that indicate this are ""dazzles",1,"This sentence expresses a positive sentiment. The use of words like ""dazzles,"" ""fully-written"
1,1,"The sentiment in this sentence is positive. The phrase ""in control of both his medium and his message",1,The sentiment expressed in the sentence is positive. The sentence praises the artist for their mastery over both their,1,"The sentiment expressed in the sentence is positive. The phrase ""in control of both his medium and his",1,"The sentiment of the statement is positive. The phrase ""in control of both his medium and his message",1,"This sentence expresses a positive sentiment. The phrase ""in control of both his medium and his message"""
1,1,"The sentiment in this sentence is positive. The phrase ""makes this 'Two Weddings and a Funeral",1,"The sentiment expressed in the sentence is positive. The key phrases indicating a positive sentiment include ""makes this",1,"Based on the given sentence, the sentiment is positive. The phrase ""makes this 'two weddings and",1,"The sentiment of the statement can be classified as positive. The phrase ""makes this 'Two Weddings",1,"The sentence contains positive sentiment. It highlights several elements that contribute to making the film ""Two Weddings"
0,0,"The sentiment in this sentence appears to be negative. The phrase ""stealing Harvard"" suggests a critique",0,"The sentiment expressed in this sentence appears to be negative. The use of words like ""evidence""",0,"The sentiment in this statement appears to be negative. The phrase ""wheezing to an end",-1,"To analyze the sentiment of this statement, let's break it down:

1. ""Stealing Harvard",1,"The given sentence contains elements that can be interpreted as both positive and negative sentiments. However, the overall"
1,1,"The sentiment in this sentence appears to be positive. The phrase ""a full world has been presented on",1,"The sentiment expressed in the sentence appears to be positive. The sentence praises the portrayal of a ""full",1,"Positive

The sentence expresses a positive sentiment towards a full and engaging cinematic experience, rather than a structured",1,The sentiment of this statement can be classified as positive. The statement expresses appreciation for a more comprehensive and,1,The given sentence expresses a positive sentiment. It indicates that the work being referred to (likely a film
1,-1,"The sentiment in the sentence ""huston nails both the glad-handing and the choking sense of",-1,"The sentiment expressed in the sentence ""Huston nails both the glad-handing and the choking sense",0,"The sentiment in this sentence is negative.

The phrase ""nails both"" suggests that Huston successfully",-1,"To analyze the sentiment of the statement ""Houston nails both the glad-handing and the choking sense of",-1,"The sentence ""Huston nails both the glad-handing and the choking sense of hollow despair"""
1,-1,"The sentiment in the sentence ""one of the more intelligent children's movies to hit theaters this year""",1,"The sentiment expressed in the sentence is positive. The phrase ""one of the more intelligent"" indicates that",-1,"The sentiment expressed in the sentence ""one of the more intelligent children's movies to hit theaters this year",-1,"The sentiment of the statement ""one of the more intelligent children's movies to hit theaters this year""",1,"This sentence can be classified as positive. The phrase ""more intelligent children's movies"" suggests that the"
0,0,"The sentiment in the sentence is negative. The phrase ""tries too hard"" is used twice, suggesting",-1,"The sentiment expressed in the sentence ""the film tries too hard to be funny and tries too hard to",0,"The sentiment expressed in the given statement is negative. The phrase ""tries too hard"" implies that the",-1,"The sentiment of the statement ""the film tries too hard to be funny and tries too hard to be",0,"The sentence can be classified as negative. The phrase ""tries too hard"" is generally used to indicate"
1,1,"The sentiment of the sentence ""Blanchett's performance confirms her power once again"" is positive.",1,"The sentiment expressed in the sentence ""Blanchett's performance confirms her power once again"" is positive",1,"The sentiment of the sentence ""Blanchett's performance confirms her power once again."" is positive.",1,"The sentiment of the statement ""Blanchett's performance confirms her power once again"" is positive.",1,"The sentence ""Blanchett's performance confirms her power once again"" expresses a positive sentiment. The"
0,0,The sentiment of the sentence is negative. The context suggests an attempt to deceive or manipulate the listener regarding,0,"The sentiment expressed in the given sentence is negative. The statement suggests a deceptive offer to sell ""left",0,The sentiment of the given statement appears to be negative. The reason for this is that the speaker is,0,"The sentiment of this statement is negative. It contains an offer related to Enron stock, which is",-1,"This sentence contains mixed sentiments. On one hand, it suggests making a deal for Enron stock,"
0,0,"The sentiment of the sentence is negative. The phrase ""heavy-handed"" suggests that the attempts to convey",0,"The sentiment expressed in the sentence is negative. The phrase ""heavy-handed"" implies an attempt to convey",0,"The sentiment in the given sentence is negative. The phrase ""heavy-handed"" and ""pummel",0,"The sentiment of the statement is negative. The phrase ""heavy-handed"" suggests that the attempts to convey",0,"The sentence is classified as negative. The phrase ""heavy-handed"" suggests that the attempts at conveying a"
0,0,"The sentiment in this sentence appears to be negative. The phrase ""master of disguise"" is likely being",0,"The sentiment expressed in this sentence is negative. The phrase ""master of disguise"" is likely being used",0,"The sentiment of the given sentence is negative. The phrase ""master of disguise"" is used sarcastically",-1,"To analyze the sentiment of this statement, let's break down its components:

1. **""no",-1,"To classify this sentence, we need to understand its context and tone. The sentence ""no one but"
0,0,"The sentiment of the sentence ""rarely has so much money delivered so little entertainment"" is negative",-1,"The sentiment expressed in the sentence ""rarely has so much money delivered so little entertainment"" is",-1,"The sentiment of the given statement ""rarely has so much money delivered so little entertainment"" is",-1,"To analyze the sentiment of the statement ""rarely has so much money delivered so little entertainment,""",0,"The sentence ""rarely has so much money delivered so little entertainment"" expresses a negative sentiment."
0,0,"The sentiment in this sentence is negative. The phrase ""blown his entire budget"" suggests waste of",0,"The sentiment expressed in the sentence is negative. The phrase ""blown his entire budget"" suggests waste",0,"The sentiment in the given sentence is negative. The phrase ""had nothing left over for jokes"" suggests",-1,"The sentiment of the statement ""Taylor appears to have blown his entire budget on soundtrack rights and had nothing",0,"The sentence can be classified as negative. The phrase ""had nothing left over for jokes"" suggests that"
0,-1,"The sentiment expressed in the sentence ""the time machine"" is a movie that has no interest in itself",-1,"The sentiment expressed in the sentence ""the time machine"" is a movie that has no interest in itself",-1,"The sentiment expressed in the statement ""the time machine"" is a movie that has no interest in itself",-1,"The sentiment of the statement ""the time machine"" is a movie that has no interest in itself can",-1,"The sentence ""the time machine"" is a movie that has no interest in itself can be classified as"
1,1,"The sentiment in this sentence can be classified as positive. The phrase ""a rarity"" suggests uniqueness and",1,"The sentiment expressed in the sentence appears to be positive. The phrase ""a rarity"" suggests that this",1,"The sentiment of this statement is positive. The phrase ""rarity among recent Iranian films"" indicates appreciation",1,"The sentiment of this statement can be classified as positive. The phrase ""rarity among recent Iranian films",1,"The given sentence expresses a positive sentiment. It describes the film as a ""rarity,"" which implies"
0,1,The sentiment in this sentence appears to be mixed rather than clearly positive or negative. There is some teasing,1,"The sentiment in this sentence appears to be mixed, with some elements being positive and others negative.

-",1,"The sentiment in this text appears to be mixed and positive overall. Here's why:

- ""but",-1,"The given statement contains multiple parts, each expressing a different sentiment:

1. ""but daphne",-1,"The given sentence contains multiple parts that express opinions on different individuals:

- ""but daphne,"
1,1,"The sentiment in this sentence can be considered mixed, leaning slightly positive. 

- The phrase ""the",1,"The sentiment expressed in this sentence can be considered mixed, but leaning slightly positive. Here's a breakdown",1,"The sentiment in this statement can be interpreted as mixed, leaning slightly positive. Here's why:

-",1,"The sentiment of this statement can be analyzed as mixed but leaning slightly positive.

Breaking down the statement:
",1,"The given sentence can be classified as positive. Here's why:

- The phrase ""it is a"
0,0,"The sentiment of the sentence is negative. The speaker is using sarcasm and criticism to describe something,",0,"The sentiment expressed in this sentence is clearly negative. The phrase ""every bad idea"" suggests criticism of",0,"The sentiment of the given statement is negative. The reviewer is criticizing various ""bad ideas"" being brought",-1,"To analyze the sentiment of this statement, let's break down its components:

1. ""it's",0,"The given sentence expresses a negative sentiment. The speaker is criticizing and mocking various ""bad ideas"" and"
1,1,"The sentiment in the given sentence appears to be predominantly positive. The words ""chilling,"" ""well",-1,"The sentiment expressed in the sentence ""chilling, well-acted, and finely directed: David Jacob",1,"Based on the given sentence, the sentiment appears to be positive. The words ""chilling,"" """,-1,"The sentiment of the statement ""chilling, well-acted, and finely directed: David Jacobson",-1,"The sentence ""chilling, well-acted, and finely directed: David Jacobson's Dahmer"
0,1,"The sentiment in this sentence is mixed rather than clearly positive or negative. The phrase ""can't decide",-1,"The sentiment expressed in the sentence ""it can't decide if it wants to be a mystery/thr",-1,"The sentiment in the given statement is neutral. The phrase suggests that the subject (likely a movie,",-1,"The sentiment in the given statement is neutral. The phrase ""can't decide"" suggests indecision or",-1,"The sentence ""it can't decide if it wants to be a mystery/thriller, a romance"
0,0,"The sentiment of this sentence appears to be negative. The phrase ""paid in full is so stale""",0,"The sentiment expressed in the given sentence is negative. The use of words like ""stale"" and",0,"The sentiment of the given sentence appears to be negative. The phrase ""paid in full is so stale",-1,"To analyze the sentiment of this statement, let's break down its components:

1. ""paid in",0,"The given sentence contains mixed sentiments, but overall it leans towards a negative tone. The phrase ""paid"
1,0,"The sentiment of this sentence is negative. The phrase ""extradition chess game"" suggests a complex",-1,"To analyze the sentiment of this sentence, we need to consider both its structure and the words used:

",0,"The sentiment of this sentence appears to be negative. The use of words like ""split"" and """,-1,"To analyze the sentiment of this statement, let's break down its components:

1. ""A c",1,This sentence does not clearly express a positive or negative sentiment. It appears to be describing a complex narrative
0,0,"The sentiment in this sentence appears to be negative. The phrase ""played in the most straight-faced fashion",0,"The sentiment expressed in the sentence is negative. The phrase ""played in the most straight-faced fashion""",0,"The sentiment of the given sentence is negative. The phrase ""played in the most straight-faced fashion""",-1,"The sentiment of the statement ""it's played in the most straight-faced fashion, with little humor to",-1,"The sentence ""it's played in the most straight-faced fashion, with little humor to lighten things up"
0,0,"The sentiment of the sentence is negative. The use of words like ""dumb"" to describe both",0,"The sentiment expressed in the given sentence is negative. The use of words like ""dumb"" to",0,The sentiment of the given statement is negative.,0,"The sentiment of the given statement is clearly negative. It expresses dissatisfaction and disappointment with the movie, criticizing",0,"The given sentence expresses a negative sentiment. The use of words like ""dumb"" multiple times and"
0,0,"The sentiment in this sentence is negative. The phrase ""virtually no interesting elements"" suggests a lack",-1,"The sentiment expressed in the sentence ""with virtually no interesting elements for an audience to focus on, ch",0,"The sentiment of the given sentence is negative. The phrase ""triple-espresso endurance challenge"" implies",-1,"The sentiment of the statement ""with virtually no interesting elements for an audience to focus on, chelsea",-1,"The sentence ""with virtually no interesting elements for an audience to focus on, chelsea walls is a"
1,1,"The sentiment in the sentence ""dense with characters and contains some thrilling moments"" is generally positive. The",1,"The sentiment expressed in the sentence ""dense with characters and contains some thrilling moments"" can be considered positive",-1,"The sentiment expressed in the phrase ""dense with characters and contains some thrilling moments"" can be considered as",1,"The sentiment of the statement ""dense with characters and contains some thrilling moments"" can be classified as positive",1,"The sentence ""dense with characters and contains some thrilling moments"" has a positive sentiment. The words """
1,0,"The sentiment in the sentence ""as unseemly as its title suggests"" is negative. The",0,"The sentiment expressed in the sentence ""as unseemly as its title suggests"" is negative.",0,"The sentiment expressed in the phrase ""as unseemly as its title suggests"" is negative.

",-1,"The sentiment of the statement ""as unseemly as its title suggests"" can be classified as",0,"The sentence ""as unseemly as its title suggests"" expresses a negative sentiment. The word"
0,0,"The sentiment of the sentence ""it's like watching a nightmare made flesh"" is negative. The comparison",0,"The sentiment expressed in the sentence ""it's like watching a nightmare made flesh"" is negative. The",0,"The sentiment expressed in the phrase ""it's like watching a nightmare made flesh"" is negative. This",0,"The sentiment of the statement ""it's like watching a nightmare made flesh"" is negative. The comparison",0,"The sentence ""it's like watching a nightmare made flesh"" expresses a negative sentiment. The comparison to"
1,0,"The sentiment in this sentence appears to be neutral to slightly negative. The phrase ""exactly what the",-1,"The sentiment expressed in the sentence ""minority report is exactly what the title indicates, a report""",-1,"The sentiment expressed in the statement ""minority report is exactly what the title indicates, a report""",-1,"The sentiment of the statement ""Minority Report is exactly what the title indicates, a report"" can",-1,"The given sentence ""Minority Report is exactly what the title indicates, a report."" does not clearly"
0,0,The sentiment in this sentence is negative. The reviewer expresses difficulty in liking a film about a character who,0,The sentiment expressed in the given sentence is negative. The sentence describes a film (Shiner) about,0,The sentiment in this statement is negative. The reviewer expresses difficulty in liking a film that features a character,-1,"To analyze the sentiment of this statement, let's break it down:

1. ""it's hard",0,"The sentence contains mixed sentiments, but overall it leans towards a negative classification. The phrase ""utterly"
1,1,"The sentiment of the sentence is positive. The words ""entertaining,"" ""colorful,"" and",1,"The sentiment expressed in the sentence is positive. The words ""entertaining,"" ""colorful,""",-1,"The sentiment expressed in the phrase ""an entertaining, colorful, action-filled crime story with an intimate heart",-1,"The sentiment of the statement ""an entertaining, colorful, action-filled crime story with an intimate heart""",1,"The sentence ""an entertaining, colorful, action-filled crime story with an intimate heart"" expresses a positive"
1,1,"The sentiment in this sentence is positive. The phrase ""deserves a medal"" indicates admiration and high",1,"The sentiment expressed in the given sentence is positive. The use of phrases like ""deserves a medal",1,"The sentiment in this sentence appears to be positive. The phrase ""deserves a medal"" is an",-1,"To analyze the sentiment of the given statement, let's break it down:

- ""for this reason",1,"The sentence can be interpreted as having a positive sentiment. The phrase ""deserves a medal"" is"
1,1,"The sentiment in this sentence can be classified as slightly positive. The phrase ""may inspire"" suggests a",1,"The sentiment expressed in this sentence can be considered positive. The phrase ""inspire a few younger movie",1,"The sentiment in the given sentence leans more towards positive. The phrase ""may inspire a few younger movie",1,"The sentiment of the statement can be classified as positive. The phrase ""may inspire a few younger movie",1,The sentence can be classified as positive. It suggests that the subject (likely a movie) has the
0,0,"The sentiment in this sentence is negative. The use of words like ""static,"" ""semi-impro",-1,"The sentiment expressed in the sentence ""basically a static series of semi-improvised (and semi",0,"The sentiment for the given statement is negative.

The phrase ""semi-improvised (and semi-co",-1,"To analyze the sentiment of this statement, let's break it down:

- ""basically a static",-1,"The given sentence expresses a somewhat critical view of the content being described. The use of words like """
1,1,The sentiment of this sentence does not clearly indicate a positive or negative sentiment. It's a neutral statement,1,The sentiment of the sentence does not clearly express a positive or negative sentiment. It is a neutral statement,-1,"The sentiment of the given sentence is neutral. The sentence is simply stating that after something else (""the",1,The sentiment of this statement appears to be neutral rather than positive or negative. The phrase is describing that,1,"The given sentence does not express a clear positive or negative sentiment. It is simply stating that ""The"
1,1,"The sentiment in this sentence is positive. The phrase ""relentless, polished wit"" suggests admiration",1,"The sentiment expressed in the given sentence is positive. The use of words like ""so good,"" """,1,"Positive

The sentence expresses strong positive sentiment towards the subject, praising it for its ""relentless",1,"The sentiment of the given statement is positive. The phrase ""relentless, polished wit"" indicates",1,"This sentence expresses a positive sentiment. The key words and phrases that indicate this are ""so good,"""
0,-1,"The sentiment in the sentence ""chokes on its own depiction of upper-crust decorum"" appears",-1,"The sentiment expressed in the sentence ""chokes on its own depiction of upper-crust decorum""",-1,"The sentiment of the phrase ""chokes on its own depiction of upper-crust decorum"" is",-1,"The sentiment of the statement ""chokes on its own depiction of upper-crust decorum"" is",-1,"The sentence ""chokes on its own depiction of upper-crust decorum"" can be interpreted as"
1,0,"The sentiment in this sentence can be classified as negative. The phrase ""little else to offer"" suggests",0,"The sentiment expressed in the given sentence is mixed but leans slightly negative. Here's a breakdown:

-",0,"The sentiment of the given statement is negative.

The statement acknowledges that there's something inherently funny about Anthony",0,"The sentiment of this statement can be classified as negative.

Let's break down why:

- The phrase",1,"The given sentence contains both positive and negative elements, but overall it leans towards a negative sentiment. Here"
1,1,"The sentiment in this sentence leans more towards positive. The phrase ""rewarding work of art"" indicates",1,"The sentiment expressed in the sentence can be considered somewhat positive, but with a slight negative connotation.",1,"The sentiment in this statement is negative. The phrase ""rewarding work of art"" suggests a positive",-1,"The sentiment of the statement ""a rewarding work of art for only the most patient and challenge-hung",-1,"The sentence ""a rewarding work of art for only the most patient and challenge-hungry moviego"
0,0,"The phrase ""directed in a paint-by-numbers manner"" generally carries a negative connotation.",0,"The sentiment expressed in the sentence ""directed in a paint-by-numbers manner"" is generally negative",0,"The sentiment expressed in the phrase ""directed in a paint-by-numbers manner"" is negative.

",0,"The statement ""directed in a paint-by-numbers manner"" has a slightly negative sentiment. The",-1,"The phrase ""directed in a paint-by-numbers manner"" suggests a lack of originality and"
0,0,"The sentiment in this sentence can be classified as negative. The phrase ""cheap Hollywood tension"" implies that",0,"The sentiment expressed in the sentence can be considered negative. The phrase ""cheap Hollywood tension"" suggests that",0,"The sentiment in the given sentence is negative. The phrase ""cheap Hollywood tension"" suggests that the movie",-1,"To analyze the sentiment of the statement ""k-19 exploits our substantial collective fear of nuclear hol",-1,"The sentence ""k-19 exploits our substantial collective fear of nuclear holocaust to generate cheap h"
1,1,"The sentiment in this sentence can be classified as positive. The phrase ""at its best"" indicates that",1,"The sentiment expressed in the sentence is positive. The phrase ""at its best"" indicates a favorable view",1,"The sentiment in this statement is positive. The phrase ""at its best"" indicates that Queen is performing",-1,"To analyze the sentiment of the statement ""at its best, Queen is campy fun like the Vincent",1,"The sentence can be classified as positive. The phrase ""campy fun"" suggests enjoyment and a l"
1,1,The sentiment of the sentence appears to be positive. The sentence praises the emotional journey presented in the movie,1,The sentiment expressed in this sentence is predominantly positive. The sentence praises the new movie as being more emotionally,1,The sentiment of the given statement appears to be positive. The reviewer praises the emotional journey presented in the,-1,"To analyze the sentiment of this statement, let's break it down:

1. ""it's a",1,"This sentence expresses a positive sentiment. It praises the emotional depth of the journey being described, compares it"
1,1,The sentiment in this sentence is positive. The sentence praises various elements of filmmaking—quality of art,1,"The sentiment expressed in the given sentence is positive. The sentence highlights several positive aspects of the film,",1,The sentiment for this statement is positive. The phrase indicates that the film successfully combines artistic quality with intelligent,1,The sentiment of this statement can be classified as positive. The statement highlights several favorable aspects of the film,1,"This sentence expresses a positive sentiment. The key phrases that indicate this are ""allow the filmmakers to present"
1,1,"The sentence ""cool?"" is neutral and does not clearly express a positive or negative sentiment on its own",1,"The sentiment expressed in the sentence ""cool?"" is ambiguous and cannot be definitively classified as positive or",1,"The term ""cool?"" is an expression of admiration or approval, often used to convey a positive sentiment",1,"The sentiment of the statement ""cool?"" is neutral. It doesn't express a clearly positive or negative",1,"The word ""cool"" on its own can be interpreted positively in many contexts, often indicating approval or"
1,1,"The sentiment expressed in the sentence is clearly positive. The words ""deliriously funny,"" ""fast",1,"The sentiment expressed in the sentence is predominantly positive. The words ""deliriously funny,"" ""fast",1,"Based on the given description, the sentiment appears to be positive. The phrases ""deliriously funny",1,"The sentiment of the given statement is clearly positive. The words ""deliriously funny,"" ""fast",1,"Based on the words and phrases in the sentence, this appears to be a positive classification. The words"
0,0,"The sentiment in this sentence appears to be slightly negative. The phrase ""posing, rather than acting""",0,The sentiment expressed in this sentence leans more towards a negative or critical tone. The description of Kilmer,0,"The sentiment in this sentence is negative. The phrase ""posing, rather than acting"" implies a lack",-1,"To analyze the sentiment of this statement, let's break down its components:

1. **Appearance Description",-1,"To classify this sentence, we need to look beyond the surface-level descriptors (like the hairstyle and tattoos"
0,0,"The sentiment expressed in this sentence is negative. The comparison to a ""soap opera"" implies that the",0,"The sentiment expressed in this sentence leans more towards negative. The comparison to a ""soap opera"" implies",0,"The sentiment expressed in the given sentence is negative. The comparison to a ""soap opera"" suggests that",0,The sentiment of the given statement can be classified as negative. The statement suggests that the narrative feels overly,0,"The given sentence expresses a negative sentiment. The comparison to a ""soap opera"" rather than a """
1,1,"The sentiment in this sentence is positive. The phrase ""refreshing"" indicates a favorable reaction, suggesting",1,The sentiment expressed in this sentence is positive. The speaker is praising a cartoon for being aware of its,1,"The sentiment in this statement is positive. The phrase ""refreshing"" indicates a favorable reaction, and",1,The sentiment of this statement can be classified as positive. The speaker is expressing appreciation for a cartoon movie,1,This sentence expresses a positive sentiment. The speaker is appreciating and finding value in a cartoon that recognizes
1,1,"The sentiment in this sentence is clearly positive. The phrase ""sent my spirit soaring"" indicates a high",1,"The sentiment expressed in this sentence is clearly positive. The use of words like ""joyful,"" """,1,"The sentiment of this statement is positive. The use of words like ""joyful,"" ""effusion",1,The sentiment of the given statement can be classified as positive. The statement describes the soundtrack of the movie,1,"The given sentence expresses a very positive sentiment. Key phrases indicating this include ""joyful effusion,"""
1,-1,"The sentiment in the sentence ""Jones... does offer a brutal form of charisma"" is mixed but leans",-1,"The sentiment expressed in the sentence ""Jones... does offer a brutal form of charisma"" leans towards a",0,"The sentiment in the given sentence appears to be negative. The word ""brutal"" has a",-1,"To analyze the sentiment of the statement ""Jones... does offer a brutal form of charisma,"" I would",-1,"The sentence ""Jones... does offer a brutal form of charisma"" contains a somewhat complex sentiment. While"
0,0,"The sentiment in this sentence is negative. The phrase ""plundered"" implies that the work being",0,The sentiment expressed in the given sentence is negative. The sentence criticizes the work being discussed for lacking,0,"The sentiment in the given sentence is negative. The phrase ""plundered"" suggests that the work",-1,"To analyze the sentiment of this statement, let's break it down:

1. ""Its well of",-1,"To classify the sentiment of this sentence, let's break down its key elements:

1. **"""
1,-1,"The sentiment in the sentence ""travels a fascinating arc from hope and euphoria to reality and",-1,"The sentiment expressed in the sentence ""travels a fascinating arc from hope and euphoria to reality",0,"The sentiment in the given sentence is negative.

This can be inferred from the words ""disillusionment",-1,"To analyze the sentiment of the given statement, let's break it down:

- ""Fascinating",1,"The sentence contains elements of both positive and negative sentiments. ""Fascinating arc"" suggests a captivating"
0,-1,"The sentiment in the sentence ""serving Sara doesn't serve up a whole lot of laughs"" is",-1,"The sentiment expressed in the sentence ""serving sara doesn't serve up a whole lot of laughs",-1,"The sentiment in the phrase ""serving Sara doesn't serve up a whole lot of laughs"" is",-1,"The sentiment of the statement ""serving Sara doesn't serve up a whole lot of laughs"" can",-1,"The sentence ""serving Sara doesn't serve up a whole lot of laughs"" can be classified as"
1,1,"The sentiment in this sentence is mixed, leaning slightly positive. The speaker expresses a nostalgic appreciation for Hitch",1,"The sentiment expressed in the given sentence is mixed, leaning slightly positive. The speaker expresses a nostalgic appreciation",1,"The sentiment expressed in the given statement is positive. The speaker appreciates the film in question, comparing",1,"The sentiment of the given statement can be classified as positive.

Here's the breakdown:
- The statement",1,"This sentence expresses a mixed sentiment leaning towards positive. The speaker indicates they miss Hitchcock's style,"
1,1,"The sentiment in this sentence is mixed but leans towards positive. The words ""fun"" and ""hip",-1,"The sentiment expressed in the sentence ""fun, flip and terribly hip bit of cinematic entertainment"" contains both",-1,"Based on the given sentence ""fun, flip and terribly hip bit of cinematic entertainment,"" the sentiment appears",-1,"The sentiment in the statement ""fun, flip and terribly hip bit of cinematic entertainment"" is mixed.",1,"The sentence ""fun, flip and terribly hip bit of cinematic entertainment"" contains both positive and negative elements"
0,0,"The sentiment in this sentence appears to be somewhat negative. The use of words like ""unfortunately""",0,The sentiment of this sentence appears to be somewhat negative. While it does describe the potion giving the characters,0,"The sentiment of this statement leans more towards negative. The phrase ""unfortunately"" at the end suggests",0,"The sentiment of this statement can be considered negative. The statement describes a situation where the ""x potion",1,"This sentence seems to contain both positive and negative elements, but overall it leans more towards a negative sentiment"
1,-1,"The sentiment in the sentence ""the wild thornberrys movie is a jolly surprise""",-1,"The sentiment expressed in the sentence ""the wild thornberrys movie is a jolly surprise",-1,"The sentiment for the phrase ""The Wild Thornberrys movie is a jolly surprise"" is",-1,"The sentiment of the statement ""the wild thornberrys movie is a jolly surprise""",-1,"The sentence ""the wild thornberrys movie is a jolly surprise"" can be classified"
1,1,"The sentiment in the sentence ""entertains by providing good, lively company"" is positive. The",1,"The sentiment expressed in the sentence ""entertains by providing good, lively company"" is positive.",1,"The sentiment expressed in the phrase ""entertains by providing good, lively company"" is positive.",1,"The sentiment of the statement ""entertains by providing good, lively company"" is positive. It",1,"The sentence ""entertains by providing good, lively company"" expresses a positive sentiment. The word"
1,1,"The sentiment in this sentence is positive. The phrases ""densely constructed,"" ""highly referential",1,"The sentiment expressed in the given sentence is positive. The use of words like ""densely constructed,""",1,"The sentiment for the given statement is positive. The phrase ""audacious return to form"" and describing",1,"The sentiment of this statement is clearly positive. The key phrases that indicate this are:

- ""dens",1,"This sentence expresses a very positive sentiment. The key phrases that indicate this include ""densely constructed,"""
0,0,"The sentiment in the sentence is negative. The phrase ""co-opted"" implies something being taken over",0,"The sentiment expressed in the sentence is negative. The phrase ""co-opted"" suggests that something has",0,"The sentiment in the given statement is negative. The phrase ""co-opted"" suggests something being taken",-1,"The sentiment of the statement ""what was once original has been co-opted so frequently that it now",-1,"The sentence ""what was once original has been co-opted so frequently that it now seems pedestrian"""
1,1,"The sentiment in the sentence ""the story and structure are well-honed"" is positive. The word",1,"The sentiment expressed in the sentence ""the story and structure are well-honed"" is positive. The",1,"Based on the given sentence ""the story and structure are well-honed,"" the sentiment is positive.",1,"The sentiment of the statement ""the story and structure are well-honed"" is positive. It indicates",1,"The sentence ""the story and structure are well-honed"" expresses a positive sentiment. The phrase """
1,1,"The sentiment in this sentence is positive. The phrase ""riveting conviction"" indicates strong and compelling performance",1,"The sentiment expressed in this sentence is positive. The phrase ""absolutely riveting conviction"" indicates strong",1,"The sentiment in the given sentence is positive. The phrase ""absolutely riveting conviction"" indicates strong",1,"The sentiment of the statement can be classified as positive. The key phrases that indicate this are ""riv",1,"The sentence can be classified as positive. The phrase ""riveting conviction"" indicates a strong and compelling"
1,0,"The sentiment in the given sentence can be classified as mixed or slightly negative. The phrase ""intrig",0,"The sentiment expressed in the sentence can be considered mixed but leans slightly towards negative. The phrase ""intr",0,"The sentiment expressed in the given sentence is mixed, leaning slightly negative. The phrase ""intriguing",0,"The sentiment of the given statement can be classified as mixed or slightly negative. Here's an analysis:

",1,"The sentence contains both positive and negative elements, but leans slightly towards the negative side. It describes the"
1,1,"The sentiment in this sentence is positive. The phrase ""far superior"" indicates a high level of praise",1,"The sentiment expressed in the sentence is positive. The phrase ""far superior"" indicates a high level of",-1,"The sentiment expressed in the sentence ""the second coming of harry potter is a film far superior",-1,"The sentiment of the statement ""the second coming of harry potter is a film far superior to",-1,"The sentence ""the second coming of harry potter is a film far superior to its predecessor"""
1,1,"The sentiment in this sentence is positive. The phrase ""it's worth checking out"" indicates a recommendation",1,"The sentiment expressed in the sentence is positive. The phrase ""it's worth checking out"" indicates a",1,"The sentiment in this sentence leans more towards positive. The phrase ""worth checking out"" indicates that there",1,"The sentiment of the statement is positive. Despite mentioning that there is ""rough content,"" the statement concludes",1,"The sentence can be classified as positive. The phrase ""it's worth checking out"" indicates a recommendation"
1,1,"The sentiment of the sentence ""a warm, funny, engaging film"" is positive. The words """,1,"The sentiment expressed in the sentence ""a warm, funny, engaging film"" is positive. The words",1,"The sentiment expressed in the phrase ""a warm, funny, engaging film"" is positive. The words",1,"The sentiment of the statement ""a warm, funny, engaging film"" is clearly positive. The words",1,"The sentence ""a warm, funny, engaging film"" expresses a positive sentiment. The words ""warm"
0,-1,"The sentiment in the sentence ""i'll bet the video game is a lot more fun than the film",-1,"The sentiment expressed in the sentence ""i'll bet the video game is a lot more fun than the",-1,"The sentiment of the sentence ""I'll bet the video game is a lot more fun than the film",-1,"The sentiment of the statement ""I'll bet the video game is a lot more fun than the film",-1,"The sentence ""I'll bet the video game is a lot more fun than the film."" expresses a"
1,1,"The sentiment in this sentence is positive. The phrase ""the best"" indicates a high level of quality",1,"The sentiment expressed in the sentence is positive. The phrase ""the best"" indicates a high level of",1,"Positive

This statement expresses a positive sentiment towards the film being discussed. The phrase ""the best film",-1,"The sentiment of the statement ""the best film about baseball to hit theaters since Field of Dreams"" is",1,"The sentence ""the best film about baseball to hit theaters since Field of Dreams"" expresses a positive sentiment"
1,1,"The sentiment in the sentence is positive. The phrase ""great summer fun"" clearly indicates a positive sentiment",1,"The sentiment expressed in the sentence is positive. The phrase ""great summer fun"" indicates a positive sentiment",1,"Positive

The sentence expresses enjoyment and positive sentiment towards watching Arnold and Gerald's interactions with the quirky cast",-1,"The sentiment of the statement ""it is great summer fun to watch arnold and his buddy g",1,"This sentence expresses a positive sentiment. The use of words like ""great"" and phrases such as """
0,-1,"The sentiment in the sentence ""complete lack of originality, cleverness or even visible effort"" is",-1,"The sentiment expressed in the sentence ""complete lack of originality, cleverness or even visible effort""",-1,"Based on the given phrase ""complete lack of originality, cleverness or even visible effort,"" the",-1,"The sentiment of the statement ""complete lack of originality, cleverness or even visible effort"" is",0,"The given sentence ""complete lack of originality, cleverness or even visible effort"" expresses a negative"
1,1,"The sentiment of the sentence is positive. The use of words like ""awesome,"" ""breathtaking",1,"The sentiment expressed in the sentence is positive. The use of words like ""awesome,"" ""breat",1,"Based on the given sentence, the sentiment is positive. The words ""awesome,"" ""breathtaking",1,"The sentiment of the given statement is clearly positive. The use of words like ""awesome,"" ""b",1,"The given sentence expresses a positive sentiment. The words ""awesome,"" ""breathtaking,"" ""ep"
1,1,The sentiment in this sentence can be classified as positive. The key phrases that indicate a positive sentiment are,1,"The sentiment expressed in the given sentence can be considered positive. 

Let's break it down:
-",1,"The sentiment of the given sentence is positive. The phrase ""enjoyable"" indicates a positive experience",1,"The sentiment of the statement can be classified as positive. Here's an analysis:

- ""enjoy",1,"The sentence can be classified as positive. The key phrases that indicate this are ""enjoyable"""
0,0,"The sentiment expressed in the sentence is negative. The phrases ""hit and miss"" and ""big ole",0,"The sentiment expressed in the sentence is negative. The phrase ""hit and miss"" typically implies inconsistency or",0,"The sentiment expressed in the given sentence is negative. The phrase ""hit and miss"" indicates that something",-1,"The sentiment of the statement ""hit and miss as far as the comedy goes and a big ole '",1,"The given sentence contains both positive and negative elements, but overall it leans towards a negative sentiment. The"
0,0,"The sentiment in the sentence ""too much of it feels unfocused and underdeveloped"" is negative",-1,"The sentiment expressed in the sentence ""too much of it feels unfocused and underdeveloped"" is",0,"The sentiment in the given statement is negative. The phrase ""too much of it feels unfocused and",0,"The sentiment of the statement ""too much of it feels unfocused and underdeveloped"" is negative",0,"The sentence ""too much of it feels unfocused and underdeveloped"" expresses a negative sentiment."
1,1,"The sentiment in the sentence ""a deep and meaningful film"" is positive. The words ""deep""",1,"The sentiment expressed in the sentence ""a deep and meaningful film"" is generally positive. The words """,1,"The sentiment expressed in the phrase ""a deep and meaningful film"" is positive. The words ""deep",1,"The sentiment of the statement ""a deep and meaningful film"" is generally positive. It suggests that the",1,"The sentence ""a deep and meaningful film"" expresses a positive sentiment. Words like ""deep"" and"
0,1,"The sentiment in the sentence ""but it could have been worse"" is generally neutral to slightly positive.",1,"The sentiment expressed in the sentence ""but it could have been worse"" is generally neutral or mildly positive",1,"The sentiment in the phrase ""but it could have been worse"" is generally neutral to slightly positive.",-1,"The statement ""but it could have been worse"" expresses a mild form of relief or acceptance, but",1,"The sentence ""but it could have been worse"" expresses a neutral sentiment rather than a clearly positive or"
0,0,"The sentiment of the sentence ""that's pure pr hype"" is negative. The phrase suggests skepticism or",0,"The sentiment expressed in the sentence ""that's pure pr hype"" is negative. The use of """,0,"The sentiment of the phrase ""that's pure pr hype"" is negative. This expression indicates skepticism or",0,"The sentiment of the statement ""that's pure pr hype"" is negative. 

This statement implies that",0,"The sentence ""that's pure pr hype"" expresses a negative sentiment. The term ""pr hype"""
1,0,"The sentiment of the sentence ""a painfully funny ode to bad behavior"" can be classified as negative.",-1,"The sentiment expressed in the sentence ""a painfully funny ode to bad behavior"" is mixed but leans more",0,"The sentiment of the phrase ""a painfully funny ode to bad behavior"" is negative. 

While it",0,"The sentiment of the statement ""a painfully funny ode to bad behavior"" can be classified as negative.",-1,"The sentence ""a painfully funny ode to bad behavior"" can be classified as having mixed sentiments. The"
1,1,"The sentiment of this sentence appears to be mixed, with elements of both positive and negative emotions. However",0,"The sentiment expressed in this sentence appears to be mixed, but leans more towards negative. Here's a",0,"The sentiment expressed in this sentence leans more towards negative. The phrase ""gasp appalled"" and",0,"The sentiment of this statement can be classified as negative. The use of words like ""appalled,""",1,"The given sentence contains elements that can be interpreted as both positive and negative sentiments. However, considering the"
1,1,The sentiment of the sentence appears to be positive. The sentence indicates that James Liotta successfully changed his,1,"The sentiment expressed in this sentence appears to be positive. The phrase ""completely transformed himself"" suggests",1,The sentiment in this sentence appears to be positive. The sentence describes a transformation that Liotta underwent for,1,"The sentiment of this statement is mixed but leans towards positive.

- ""liotta put on 3",1,"The sentence can be interpreted as having a positive sentiment. Here's why:

- ""Completely transformed"
1,-1,"The sentiment in the sentence ""a beguiling splash of pastel colors and prankish comedy from",-1,"The sentiment expressed in the sentence ""a beguiling splash of pastel colors and prankish comedy",-1,"The sentiment for the phrase ""a beguiling splash of pastel colors and prankish comedy from",-1,"The sentiment of the statement ""a beguiling splash of pastel colors and prankish comedy from",-1,"The sentence ""a beguiling splash of pastel colors and prankish comedy from Disney"" expresses"
1,-1,"The sentiment in the sentence ""it proves quite compelling as an intense, brooding character study"" is",-1,"The sentiment expressed in the sentence ""it proves quite compelling as an intense, brooding character study""",-1,"The sentiment expressed in the sentence ""it proves quite compelling as an intense, brooding character study""",-1,"The sentiment of the statement ""it proves quite compelling as an intense, brooding character study"" can",1,"The sentence ""it proves quite compelling as an intense, brooding character study"" expresses a positive sentiment"
0,0,"The sentiment in the sentence ""an unwise amalgam of broadcast news and vibes"" is negative.",-1,"To determine the sentiment of the sentence ""an unwise amalgam of broadcast news and vibes,"" we",0,"The sentiment expressed in the phrase ""an unwise amalgam of broadcast news and vibes"" is negative",0,"The statement ""an unwise amalgam of broadcast news and vibes"" has a negative sentiment. The",-1,"The given sentence ""an unwise amalgam of broadcast news and vibes"" contains words that carry a"
0,0,"The sentiment of the sentence is negative. The phrase ""utterly lacking in charm, wit and invention",0,The sentiment expressed in the given sentence is negative. The sentence criticizes Roberto Benigni's film,0,"The sentiment expressed in the given sentence is negative. The words ""utterly lacking,"" ""astonishing",0,"The sentiment of the statement is clearly negative. The key phrases that indicate this are ""utterly lacking",0,"The sentence is clearly negative. Key phrases like ""utterly lacking,"" ""astonishingly bad,"""
0,0,"The sentence ""and that leaves a hole in the center of the Salton Sea"" expresses a negative",-1,"The sentiment expressed in the sentence ""and that leaves a hole in the center of the Salton Sea",-1,"The sentiment expressed in the phrase ""and that leaves a hole in the center of the Salton Sea",-1,"The sentiment of the statement ""and that leaves a hole in the center of the Salton Sea""",0,"The sentence ""and that leaves a hole in the center of the Salton Sea"" expresses a negative"
1,1,"The sentiment in this sentence appears to be positive. The phrase ""cleverly probes"" suggests that",-1,"The sentiment expressed in the sentence ""the chateau cleverly probes the cross-cultural differences between gaul",-1,"The sentiment of the sentence ""the chateau cleverly probes the cross-cultural differences between gauls",-1,"To analyze the sentiment of the statement ""the chateau cleverly probes the cross-cultural differences between g",-1,"The given sentence ""the chateau cleverly probes the cross-cultural differences between gauls and y"
1,1,"The sentiment in this sentence appears to be positive. The phrase ""turns his distinctive 'blunder",1,"The sentiment expressed in this sentence appears to be positive. The phrase ""could really help"" indicates optimism",1,"The sentiment in this sentence appears to be positive. The phrase ""could really help"" indicates an optimistic",-1,"To analyze the sentiment of the statement ""broomfield turns his distinctive `blundering' style",-1,"To classify the sentiment of this sentence, let's break it down:

- ""Broomfield"""
1,1,"The sentiment in this sentence is mixed but leans slightly towards positive. The phrase ""pleasant enough"" indicates",1,The sentiment expressed in the given sentence can be considered mixed but leans more towards positive. The key phrases,0,"The sentiment in this statement can be considered as mixed, leaning slightly negative. Here's why:

-",-1,"To analyze the sentiment of this statement, let's break it down:

1. ""pleasant enough romance",1,"The given sentence contains both positive and negative elements, but overall it leans more towards positive sentiment. Here"
1,1,The sentiment in this sentence is clearly positive. The speaker praises various aspects of something (likely a film,1,The sentiment expressed in the given sentence is clearly positive. The sentence describes various aspects of an experience (,1,The sentiment expressed in this passage is clearly positive. The text describes the qualities of a movie or story,1,The sentiment of this statement is clearly positive. The author is expressing admiration for a piece of work (,1,"This sentence expresses a positive sentiment. The language used indicates admiration and enjoyment of the experience described, highlighting"
0,0,"The sentiment in this sentence is negative. The phrase ""there isn't a redeeming moment here""",0,"The sentiment expressed in the sentence is negative. The sentence criticizes the film or piece being discussed,",0,"The sentiment expressed in this sentence is negative. The phrase ""there isn't a redeeming moment here",0,"The sentiment of this statement can be classified as negative. The phrase ""there isn't a redeeming",0,"The sentence can be classified as negative. The phrase ""n't a redeeming moment here"" indicates"
1,1,"The sentiment of this sentence is positive. The phrase ""having had the good sense to cast actors""",1,"The sentiment expressed in this sentence is positive. The key phrases that indicate a positive sentiment are ""good",1,"The sentiment of this sentence is positive. The key phrases that indicate this are ""good sense to cast",1,"The sentiment of this statement is positive. The key phrases that indicate this are ""good sense to cast",1,The given sentence expresses a positive sentiment. It highlights that the director made wise choices in casting actors who
0,0,"The sentiment in this sentence is negative. The phrase ""boring parade"" and the use of words",0,"The sentiment expressed in the given sentence is negative. The use of words like ""boring"" and",0,Negative,0,"The sentiment of the given statement is negative. The phrase ""boring parade"" indicates disinterest or",0,"The sentence is negative. The words ""boring,"" ""technical gibberish,"" and phrases like"
0,0,"The sentiment in this sentence is negative. The comparison to ""a lesser Harrison Ford movie"" and mentioning",0,"The sentiment expressed in this sentence is negative. The comparison to ""six days, seven nights"" and",0,"The sentiment expressed in this sentence is negative. The comparison to ""Six Days, Seven Nights"" and",0,"The sentiment in this statement is clearly negative. The comparison to ""six days, seven nights"" and",0,"The given sentence expresses a negative sentiment. The comparison to ""a lesser Harrison Ford movie"" and the"
1,1,"The sentiment of the sentence can be classified as positive. The phrase ""if you enjoy"" suggests that",1,The sentiment expressed in the sentence appears to be positive. The sentence suggests that the comedy being discussed has,1,"Based on the given sentence, the sentiment appears to be positive. The phrase ""if you enjoy""",1,The sentiment of the statement can be interpreted as positive. It suggests that the comedy in question has thoughtful,1,This sentence expresses a positive sentiment. It suggests that the comedy in question is suitable for those who enjoy
0,0,"The sentiment in this sentence is clearly negative. The phrase ""most hopelessly monotonous"" indicates",0,"The sentiment expressed in the given sentence is negative. The sentence criticizes the film for being ""mon",0,"The sentiment expressed in the given statement is negative. The phrase ""most hopelessly monotonous film",0,"The sentiment of the given statement is clearly negative. The statement criticizes the film for being ""hope",0,"The given sentence expresses a negative sentiment. The phrase ""most hopelessly monotonous"" clearly indicates"
1,1,"The sentiment in this sentence is positive. The phrase ""deserves to be seen"" suggests that there",1,"The sentiment expressed in the sentence is positive. The sentence suggests that the subject (likely a film,",1,"The sentiment of the given sentence is positive. The phrase ""deserves to be seen"" indicates that",1,"The sentiment of the statement is positive. The phrase ""deserves to be seen"" suggests that the",1,"This sentence expresses a positive sentiment. It suggests that the subject (likely something like a film, book"
0,0,"The sentiment in this sentence appears to be negative. The phrase ""wishy-washy"" is",0,"The sentiment expressed in this sentence is negative. The phrase ""wishy-washy"" implies inde",0,"The sentiment in this sentence is negative. The phrase ""wishy-washy"" implies a lack",-1,"To analyze the sentiment of this statement, let's break down its components:

1. The phrase """,1,The sentence you provided seems to express a sense of frustration or disappointment rather than a clear positive or negative
0,0,"The sentiment in the sentence ""no way I can believe this load of junk"" is negative. The",0,"The sentiment expressed in the sentence ""no way I can believe this load of junk"" is negative.",0,"The sentiment in the phrase ""no way I can believe this load of junk"" is negative. The",0,"The sentiment of the statement ""no way I can believe this load of junk"" is negative. The",0,"The sentence ""no way I can believe this load of junk"" expresses a negative sentiment. The use"
1,1,"The sentiment in the sentence appears to be positive. The phrase ""fabric of complex ideas"" suggests depth",1,"The sentiment expressed in the sentence appears to be positive. The use of words like ""complex ideas""",1,"The sentiment in the given statement appears to be positive. The phrase ""fabric of complex ideas"" suggests",-1,"The sentiment of the statement ""there is a fabric of complex ideas here, and feelings that profoundly deepen",1,"The given sentence contains words with positive connotations such as ""complex ideas"" and ""feelings that"
1,1,"The sentiment in this sentence appears to be positive. The phrase ""big deal"" indicates significance, and",1,"The sentiment expressed in the given sentence is positive. The phrase ""big deal"" indicates importance, and",1,"The sentiment in this statement is positive. The phrase ""a big deal"" and comparisons to a highly",-1,"To analyze the sentiment of this statement, let's break down its components:

1. ""this tenth",1,"This sentence expresses a positive sentiment. The phrases ""a big deal,"" ""at least the third-best"
0,0,"The sentiment in the sentence ""not only unfunny, but downright repellent"" is negative.",0,"The sentiment expressed in the sentence ""not only unfunny, but downright repellent"" is negative.",0,"The sentiment expressed in the phrase ""not only unfunny, but downright repellent"" is negative.",0,"The sentiment of the statement ""not only unfunny, but downright repellent"" is negative. 

",0,"The sentence ""not only unfunny, but downright repellent"" expresses a negative sentiment. The words"
0,0,"The sentiment in this sentence is mixed, but leaning slightly negative. The phrase ""works hard"" suggests",0,"The sentiment expressed in the sentence is mixed, leaning more towards negative. The sentence acknowledges that the work",0,"The sentiment in the given statement is negative. The phrase ""but then has nothing fresh or particularly interesting",0,"The sentiment of the given statement can be classified as negative. 

This is because the statement highlights two",1,"The sentence contains both positive and negative elements, but it leans more towards a negative sentiment overall. Here"
0,0,"The sentiment in the sentence ""just one bad idea after another"" is negative.",0,"The sentiment expressed in the sentence ""just one bad idea after another"" is negative. The use of",0,"Based on the given sentence ""just one bad idea after another,"" the sentiment is negative. The phrase",0,"The sentiment of the statement ""just one bad idea after another"" is negative. The phrase indicates a",0,"The sentence ""just one bad idea after another"" expresses a negative sentiment. It suggests a continuous series"
0,0,"The sentiment of the sentence is negative. The phrase ""unforgivably trite"" and the",0,"The sentiment expressed in the sentence is negative. The phrase ""turns so unforgivably tr",0,"The sentiment expressed in the given sentence is negative. The phrase ""unforgivably trite""",0,"The sentiment of the statement can be classified as negative. The phrase ""unforgivably trite",0,"The sentence contains a negative sentiment. The phrase ""unforgivably trite"" and the suggestion"
0,0,"The sentiment in this sentence is negative. The criticism directed at the comedy's premises, describing them as",0,"The sentiment expressed in the given sentence is negative. The use of words like ""hackneyed,""",0,"The sentiment in the given statement is negative. The phrase ""hackneyed"" and ""just plain",0,"The sentiment of this statement is negative. The key phrases that indicate a negative sentiment include ""hackney",0,"Based on the given sentence, the sentiment is negative. The sentence criticizes the comedy premises for being"
1,1,"The sentiment in this sentence appears to be positive. The phrase ""fine performances"" indicates approval and praise",1,"The sentiment expressed in the given sentence appears to be positive. The key indicators are:

1. """,1,"The sentiment in this sentence appears to be positive. The key phrases that indicate this are ""fine performances",-1,"To analyze the sentiment of this statement, let's break it down:

1. **""directed",-1,"To classify the sentiment of this sentence, let's break it down:

- The sentence mentions ""gets"
1,1,"The sentiment in this sentence appears to be positive. The words ""swashbuckling,"" """,1,"The sentiment expressed in the sentence appears to be positive. The words ""swashbuckling,""",1,"Positive

The phrase describes a story that includes various intense human emotions such as love, betrayal, revenge",-1,"The sentiment of the statement ""a swashbuckling tale of love, betrayal, revenge and",-1,"The sentence ""a swashbuckling tale of love, betrayal, revenge and above all,"
1,-1,"The sentiment of the sentence ""for movie lovers as well as opera lovers, Tosca is a real",-1,"The sentiment expressed in the sentence ""for movie lovers as well as opera lovers, Tosca is a",1,"The sentiment expressed in the given sentence is positive. The phrase ""real treat"" indicates that the movie",-1,"The sentiment of the statement ""for movie lovers as well as opera lovers, Tosca is a real",-1,"The sentence ""for movie lovers as well as opera lovers, Tosca is a real treat"" expresses"
1,-1,"The sentiment in the sentence ""the film is quiet, threatening and unforgettable"" can be classified as mixed",-1,"The sentiment expressed in the sentence ""the film is quiet, threatening and unforgettable"" can be considered mixed",1,"The sentiment of the phrase ""the film is quiet, threatening and unforgettable"" can be considered as positive",-1,"To analyze the sentiment of the statement ""the film is quiet, threatening and unforgettable,"" we need to",-1,"The sentence ""the film is quiet, threatening and unforgettable"" can be classified as having a mixed sentiment"
0,0,"The sentiment of the sentence ""there is no pleasure in watching a child suffer"" is negative. The",0,"The sentiment expressed in the sentence ""there is no pleasure in watching a child suffer"" is negative.",0,"The sentiment of the sentence ""There is no pleasure in watching a child suffer."" is negative.

This",0,"The sentiment of the statement ""there is no pleasure in watching a child suffer"" is negative. 

",0,"The sentence ""there is no pleasure in watching a child suffer"" expresses a negative sentiment. The phrase"
0,0,"The sentiment in this sentence appears to be negative. The use of words like ""anti-darwin",0,"The sentiment expressed in the given sentence can be interpreted as negative. Here's why:

1. **",0,"The sentiment in this statement appears to be negative. The phrase ""anti-Darwinian"" suggests",-1,"To analyze the sentiment of this statement, let's break down its components:

1. ""Jason X",1,"To classify this sentence, let's break it down:

1. ""Jason X is positively anti-D"
0,0,"The sentiment in this sentence is negative. The phrase ""stands convicted of nothing more than petty theft""",0,"The sentiment expressed in the given sentence is negative. The use of words like ""stealing"" and",0,"The sentiment in the given sentence is negative. The phrase ""stands convicted of nothing more than petty theft",-1,"To analyze the sentiment of this statement, we need to break down its key elements:

1. **",-1,"The sentence you provided seems to contain irony and criticism towards the actions described. The term ""comedy"
1,1,The sentiment in this sentence can be classified as slightly positive. The sentence suggests that the movie under discussion,-1,"To analyze the sentiment of this sentence, let's break it down:

1. ""doesn't bother",1,"The sentiment in this statement appears to be positive. The phrase ""doesn't bother"" suggests a refreshing",-1,"To analyze the sentiment of this statement, let's break down its components:

1. **""doesn",1,"The sentence can be interpreted as having a slightly positive sentiment. The phrase ""doesn't bother being as"
1,1,"The sentiment in this sentence can be classified as positive. The phrase ""considerable potential"" indicates optimism",1,"The sentiment expressed in the sentence appears to be positive. The key elements that indicate this are:

1",1,"The sentiment in this statement is positive. The phrase ""considerable potential"" indicates a favorable outlook on",-1,"To analyze the sentiment of this statement, let's break down its components:

1. **Naivet",1,"The sentence can be classified as positive. It praises the filmmaker Sen for having ""equal amounts of na"
1,-1,"The sentiment in the sentence ""easily my choice for one of the year's best films."" is",-1,"The sentiment expressed in the sentence ""easily my choice for one of the year's best films""",-1,"Based on the given sentence fragment:

`easily my choice for one of the year's best films",-1,"The sentiment of the statement ""easily my choice for one of the year's best films"" is",1,"The sentence ""easily my choice for one of the year's best films"" expresses a positive sentiment"
0,0,"The sentiment of the sentence is negative. The phrase ""very long movie"" suggests dissatisfaction with the length",0,"The sentiment expressed in the given sentence is negative. The key phrases that indicate this are ""very long",0,"The sentiment expressed in the given statement is negative. The phrases ""very long,"" ""dull in",0,"The sentiment of the given statement can be classified as negative. The phrase ""very long movie"" implies",0,"The given sentence contains several elements that indicate a negative sentiment:

- ""very long"" suggests dissatisfaction with"
1,1,"The sentiment in this sentence is positive. The phrase ""dark soul"" suggests depth and complexity, which",1,"The sentiment expressed in this sentence appears to be positive. The phrase ""dark soul"" suggests depth and",1,"The sentiment in the given sentence appears to be positive. The phrase ""tapped something in himself""",-1,"To analyze the sentiment of this statement, let's break it down:

1. ""As a first",1,"The given sentence is somewhat abstract and poetic, but it doesn't clearly express a positive or negative sentiment"
0,-1,"The sentiment in the sentence ""it's a grab bag of genres that don't add up to a",-1,"The sentiment expressed in the sentence ""it's a grab bag of genres that don't add up to",-1,"The sentiment expressed in the phrase ""it's a grab bag of genres that don't add up to",-1,"The sentiment of the statement ""it's a grab bag of genres that don't add up to a",-1,"The sentence ""it's a grab bag of genres that don't add up to a whole lot of"
0,0,"The sentiment in this sentence is negative. The phrase ""should have hidden it from everyone"" suggests criticism",0,"The sentiment expressed in the sentence is negative. The phrase ""should have hidden it from everyone"" indicates",0,"The sentiment of the given statement is negative. The phrase ""should have hidden it from everyone"" indicates",-1,"To analyze the sentiment of this statement, let's break it down:

- ""Instead of hiding Pin",0,"The sentence can be interpreted as expressing a negative sentiment. The phrase ""should have hidden it from everyone"
0,0,"The sentiment in this sentence appears to be negative. The words ""portentous"" and ""pret",0,"The sentiment expressed in the given sentence appears to be negative. The words ""portentous"" and",0,"The sentiment in the given sentence is negative. The phrase ""portentous and pretentious"" is",0,"The sentiment of the statement can be classified as negative. The use of words like ""portentous",0,"The sentence contains mixed sentiments, but the overall tone leans more towards negative. The words ""portent"
1,1,"The sentiment in the sentence can be classified as positive. The phrase ""successful as a film"" and",1,"The sentiment expressed in the sentence is positive. The phrase ""successful as a film"" indicates a positive",1,"The sentiment expressed in the given sentence is positive. The phrase ""successful as a film"" and the",1,The sentiment of the given statement can be classified as positive. The key phrases that indicate this sentiment are,1,"The given sentence can be classified as positive. It expresses a favorable opinion about the film, highlighting both"
1,-1,"The sentiment in the sentence ""there has always been something likable about the Marquis de Sade",-1,"The sentiment expressed in the sentence ""there has always been something likable about the Marquis de S",-1,"The sentiment of the given statement ""there has always been something likable about the Marquis de S",-1,"The sentiment of the statement ""there has always been something likable about the Marquis de Sade",-1,"The sentence ""there has always been something likable about the Marquis de Sade"" expresses a"
0,0,"The sentiment in this sentence is negative. The words ""forced,"" ""heavy-handed,"" and ""occ",0,"The sentiment expressed in the sentence is negative. The words ""forced,"" ""heavy-handed,"" and """,0,"Based on the given sentence, the sentiment is negative. The phrase ""forced and heavy-handed"" suggests",-1,"The sentiment of the statement ""the humor is forced and heavy-handed, and occasionally simply unpleasant"" can",0,"The given sentence expresses a negative sentiment. The phrases ""forced,"" ""heavy-handed,"" and ""occ"
1,1,"The sentiment in the sentence is positive. The phrase ""expertly weaves"" indicates skill and proficiency",1,"The sentiment expressed in the sentence is positive. The key indicators are:

1. ""expertly""",1,"Positive

The sentiment expressed in the given sentence is positive. The key indicators for this sentiment are:

",1,"The sentiment of the given statement is positive. The phrase ""expertly weaves"" indicates skill and",1,"The given sentence is positive. The phrase ""expertly weaves"" indicates skill and proficiency, which"
0,0,"The sentiment in the given sentence can be classified as negative. The use of words like ""sac",0,"The sentiment expressed in the sentence is negative. The use of words like ""saccharine""",0,"The sentiment in the given statement appears to be negative. The use of words like ""sacchar",0,"The sentiment of the given statement can be classified as negative. The phrase ""saccharine""",0,"The sentence contains a negative sentiment. The phrase ""saccharine"" and ""easter-"
1,1,"The sentiment in this sentence is positive. The phrase ""incendiary genius"" suggests that the subject",1,"The sentiment expressed in the sentence is positive. The key phrases that indicate this are ""incendiary",1,"The sentiment for the given statement is positive. The phrase ""incendiary genius"" suggests that the",1,"The sentiment of the statement can be classified as positive. The phrase ""incendiary genius"" suggests",1,"The sentence can be classified as positive. The phrase ""incendiary genius"" suggests that the subject"
1,1,"The sentiment expressed in this sentence is predominantly positive. The reviewer highlights several aspects that they find impressive:

",1,The sentiment expressed in this sentence is predominantly positive. The sentence highlights several aspects that are praised: the,1,"The sentiment expressed in this sentence is positive. The phrases ""look as good or better"" and """,-1,"To analyze the sentiment of this statement, let's break down its components:

1. ""the special",1,"This sentence expresses a positive sentiment. The phrases ""look as good or better,"" ""make good use"
0,0,"The sentiment in this sentence is negative. The phrase ""not since Freddie got fingered"" (which",0,"The sentiment expressed in this sentence is negative. The comparison to ""Freddy got fingered""",0,"The sentiment in this statement is negative. The phrase ""so painful to sit through"" indicates that the",0,"The sentiment in this statement is negative. The comparison with ""Freddy got fingered"" (",-1,"The sentence ""not since Freddy got fingered has a major release been so painful to sit through"""
0,0,"The sentiment of the sentence can be classified as negative. The phrase ""it ain't pretty"" indicates",0,"The sentiment expressed in this sentence is negative. The phrase ""it ain't pretty"" indicates an unfavorable",0,"The sentiment of the given statement is negative. The phrase ""blow up small potatoes to 1",0,"The sentiment of this statement can be classified as negative. The phrase ""blow up small potatoes to",0,"The sentence can be classified as negative. The use of ""ain't pretty"" indicates an unfavorable opinion"
1,1,"The sentiment in this sentence appears to be positive. The phrase ""hilarity"" indicates something amusing or",-1,"The sentiment expressed in the sentence ""we have n't seen such hilarity since say it is n",-1,"The sentiment of the given sentence ""we have n't seen such hilarity since say it is n",-1,"The sentiment of the statement ""we have n't seen such hilarity since say it is n't",-1,"To classify the sentiment of the sentence ""we haven't seen such hilarity since say it isn't"
0,0,"The sentiment in this sentence is negative. The phrase ""appalling"" indicates a strong disapproval or",-1,"The sentiment expressed in this sentence is nuanced and complex. The use of ""appalling"" as an",0,"The sentiment in this sentence is negative. The phrase ""appalling"" indicates strong disapproval or criticism",-1,"To analyze the sentiment of this statement, let's break it down:

- The phrase ""to call",1,"The given sentence contains both positive and negative elements, but the overall tone leans towards a negative sentiment."
0,1,"The sentiment of the sentence ""nothing is sacred in this gut-buster"" can be classified as positive",0,"The sentiment expressed in the sentence ""nothing is sacred in this gut-buster"" leans towards a negative",0,"The sentiment of the phrase ""nothing is sacred in this gut-buster"" appears to be negative.",-1,"To analyze the sentiment of the statement ""nothing is sacred in this gut-buster,"" I'll break",0,"The sentence ""nothing is sacred in this gut-buster"" can be interpreted as having a slightly negative"
0,0,"The sentiment in this sentence is negative. The phrase ""haphazard"" implies a lack of organization",0,"The sentiment expressed in the given sentence is negative. The phrase ""haphazard"" suggests a lack",0,"The sentiment expressed in this sentence is negative. The phrase ""haphazard"" suggests randomness or lack",0,"The sentiment of the given statement is negative. The phrase ""haphazard"" suggests a lack of",0,"The given sentence expresses a negative sentiment. The use of words like ""haphazard,"" ""mist"
0,0,"The sentiment in this sentence can be classified as negative. The phrase ""tries to add some spice""",0,"The sentiment expressed in the sentence is negative. The phrase ""all too familiar"" indicates that whatever is",0,"The sentiment in this statement appears to be negative. The phrase ""all too familiar"" suggests that while",-1,"The sentiment of the statement ""tries to add some spice to its quirky sentiments but the taste is all",0,"The given sentence can be classified as having a negative sentiment. The phrase ""but the taste is all"
0,-1,"The sentiment of the sentence ""at its worst, it implodes in a series of very bad special",-1,"The sentiment expressed in the sentence ""at its worst, it implodes in a series of very bad",-1,"The sentiment expressed in the sentence ""at its worst, it implodes in a series of very bad",-1,"The sentiment of the statement ""at its worst, it implodes in a series of very bad special",-1,"The sentence ""at its worst, it implodes in a series of very bad special effects"" expresses"
1,1,"The sentiment in this sentence is positive. The phrases ""tightly organized efficiency,"" ""numerous flash",1,"The sentiment expressed in this sentence is positive. Key indicators include:

1. ""tightly organized efficiency",1,"Based on the provided sentence, the sentiment appears to be positive. Key phrases that indicate this include """,-1,"To analyze the sentiment of this statement, let's break down its components:

1. **""t",1,"The given sentence can be classified as positive. Key phrases that indicate this include ""tightly organized efficiency"
0,0,"The sentiment in the sentence can be classified as negative. The phrase ""can't lift this heartfelt enterprise",0,"The sentiment expressed in the sentence is mixed but leans slightly negative. 

Let's break it down:
",0,"The sentiment in the given sentence is negative.

To break it down:
- ""Great ensemble cast""",0,The sentiment in the given statement can be analyzed as mixed but leaning towards slightly negative. Here's the,1,"The given sentence can be classified as having both positive and negative elements. 

Positive sentiment is found in"
1,1,"The sentiment of the sentence ""a warm but realistic meditation on friendship, family and affection"" is positive",1,"The sentiment expressed in the sentence is positive. The words ""warm"" and ""realistic"" have",-1,"The sentiment expressed in the phrase ""a warm but realistic meditation on friendship, family and affection"" is",-1,"The sentiment of the statement ""a warm but realistic meditation on friendship, family and affection"" is generally",1,"The sentence ""a warm but realistic meditation on friendship, family and affection"" expresses a positive sentiment."
0,1,"The sentiment in this sentence can be classified as negative. The reviewer acknowledges some positive elements like ""at",1,"The sentiment expressed in this sentence is mixed but leans slightly negative. Here's a breakdown:

- Positive",1,"The sentiment in this statement leans more towards negative. The reviewer acknowledges some positive aspects (like the """,0,"The sentiment of this statement can be classified as mixed to slightly negative.

Let's break it down:

",1,"The given sentence contains both positive and negative elements, but overall, it leans more towards a negative sentiment"
0,0,The sentiment in this sentence can be classified as slightly negative. The sentence acknowledges that the Resident Evil games,0,The sentiment expressed in this sentence leans negative. Although it acknowledges that Resident Evil games have set new standards,0,"The sentiment expressed in this sentence is negative. The phrase ""only succeeds in the third of these""",0,The sentiment of the statement can be classified as slightly negative. The statement acknowledges that Resident Evil games have,1,"The given sentence contains both positive and negative elements, but it leans more towards a negative overall sentiment."
1,-1,"The sentiment in the sentence ""it's a remarkably solid and subtly satirical tour de force"" is",-1,"The sentiment expressed in the sentence ""it's a remarkably solid and subtly satirical tour de force""",-1,"The sentiment for the phrase ""it's a remarkably solid and subtly satirical tour de force"" is",-1,"The sentiment of the statement ""it's a remarkably solid and subtly satirical tour de force"" can",1,"The sentence ""it's a remarkably solid and subtly satirical tour de force"" expresses a positive sentiment"
1,-1,"The sentiment in the sentence ""director andrew niccol ... demonstrates a wry understanding of the quir",-1,"The sentiment expressed in the sentence ""director andrew niccol... demonstrates a wry understanding of the",1,"The sentiment expressed in the given sentence is positive. The phrase ""wry understanding"" suggests a nuanced",-1,"The sentiment of the statement ""director Andrew Niccol... demonstrates a wry understanding of the quirks",-1,"The sentence ""director andrew niccol ... demonstrates a wry understanding of the quirks of fame"
0,-1,"The sentiment of the sentence ""when leguizamo finally plugged an irritating character late in the movie",-1,"The sentiment expressed in the sentence ""when leguizamo finally plugged an irritating character late in the",0,"The sentiment of the given sentence is negative. The phrase ""finally plugged an irritating character"" suggests that",-1,"To analyze the sentiment of the statement ""when leguizamo finally plugged an irritating character late in",-1,"The sentence ""when leguizamo finally plugged an irritating character late in the movie"" expresses a"
1,1,"The sentiment in this sentence appears to be positive. The phrase ""kaleidoscope of big,",1,"The sentiment expressed in the sentence appears to be positive. The use of words like ""amused""",1,"The sentiment in the given sentence is positive. The phrase ""probably stay amused"" indicates a hopeful and",-1,"To analyze the sentiment of this statement, let's break it down:

- ""The kids"" implies",-1,"The sentence ""the kids will probably stay amused at the kaleidoscope of big, colorful characters"""
0,-1,"The sentiment of the sentence ""mattei is tiresomely grave and long-winded, as",0,"The sentiment expressed in the given sentence is negative. The words ""tiresomely,"" ""grave",0,"The sentiment of the given sentence is negative. The words ""tiresomely grave,"" ""long",0,The sentiment of the given statement can be classified as negative. The key phrases that indicate this sentiment are,0,"The given sentence expresses a negative sentiment. The words ""tiresomely,"" ""grave,"" """
0,0,"The sentiment in this sentence is negative. The phrase ""cliche-riddled"" and the implication that",0,"The sentiment expressed in the sentence is negative. The phrase ""cliche-riddled"" and the overall",0,"The sentiment expressed in the given sentence is negative. The phrase ""cliche-riddled"" and the",0,"The sentiment of the statement can be classified as negative. The phrase ""cliche-riddled"" and",0,"The sentence expresses a negative sentiment. The use of words like ""cliche-riddled"" and criticism"
0,-1,"The sentiment of the sentence ""an overemphatic, would-be wacky, ultimately tedious sex",-1,"The sentiment expressed in the sentence ""an overemphatic, would-be wacky, ultimately tedious",-1,"The sentiment expressed in the phrase ""an overemphatic, would-be wacky, ultimately tedious",-1,"The sentiment of the statement ""an overemphatic, would-be wacky, ultimately tedious sex",-1,"The sentence ""an overemphatic, would-be wacky, ultimately tedious sex farce"""
1,1,"The sentiment in the sentence ""it all adds up to good fun"" is positive.",1,"The sentiment expressed in the sentence ""it all adds up to good fun"" is positive. The phrase",1,"The sentiment of the phrase ""it all adds up to good fun"" is positive. 

This statement",1,"The sentiment of the statement ""it all adds up to good fun"" is positive. The phrase suggests",1,"The sentence ""it all adds up to good fun"" can be classified as positive. The phrase """
1,1,"The sentiment in this sentence is positive. The words ""seductive"" and ""haunting"" are",1,"The sentiment expressed in the given sentence is predominantly positive. The words ""seductive"" and ""ha",1,"The sentiment for this statement is positive.

The phrase ""as seductive as it is haunting"" indicates",1,The sentiment of this statement can be classified as positive. The key phrases that indicate a positive sentiment are,1,"The given sentence expresses a highly positive sentiment. The words ""seductive"" and ""haunting"""
0,0,"The sentiment of the sentence is negative. The phrase ""in-your-face wallow"" suggests a crude",0,"The sentiment expressed in the sentence is negative. The use of words like ""in-your-face,"" """,0,"The sentiment of this statement appears to be negative. The phrase ""in-your-face wallow"" suggests",0,"The sentiment of this statement can be classified as negative. 

The phrase ""in-your-face"" suggests",-1,"To classify the sentiment of the sentence ""another in-your-face wallow in the lower depths made by"
1,1,"The sentiment in the sentence ""a very well-made, funny and entertaining picture"" is positive. The",1,"The sentiment expressed in the sentence ""a very well-made, funny and entertaining picture"" is positive.",1,"The sentiment expressed in the phrase ""a very well-made, funny and entertaining picture"" is positive.",1,"The sentiment of the statement ""a very well-made, funny and entertaining picture"" is clearly positive.",1,"The sentence ""a very well-made, funny and entertaining picture"" expresses a positive sentiment. It highlights"
1,1,"The sentiment in this sentence is positive. The phrase ""worth seeing"" indicates value or merit, and",1,"The sentiment expressed in the sentence is positive. The use of words like ""worth seeing"" and phrases",1,"Based on the given sentence, the sentiment appears to be positive. The phrase ""worth seeing"" indicates",1,"The sentiment of the given statement can be classified as positive. The key phrases ""worth seeing"" and",1,"The sentence can be classified as positive. The use of phrases like ""worth seeing"" and ""start"
1,-1,"The sentiment in the sentence ""despite its title, punch-drunk love is never heavy-handed""",-1,"The sentiment expressed in the sentence ""despite its title, punch-drunk love is never heavy-handed",1,"The sentiment of the given sentence is positive.

The sentence ""despite its title, punch-drunk",-1,"The sentiment of the statement ""despite its title, punch-drunk love is never heavy-handed""",-1,"The sentence ""despite its title, punch-drunk love is never heavy-handed"" can be classified"
0,1,"The sentiment in this sentence is somewhat neutral to slightly positive. The phrase ""superficially understands",1,The sentiment in this sentence is somewhat ambiguous and could be seen as slightly positive or neutral. Let's,-1,The sentiment in the given statement is neutral. The phrase suggests that while the director may not deeply understand,-1,"To analyze the sentiment of this statement, let's break down its components:

1. ""if director",1,"The given sentence is somewhat ambiguous and could be interpreted in different ways, but it leans towards a positive"
1,1,"The sentiment in this sentence is positive. The phrase ""it's refreshing"" indicates a sense of enjoyment",1,"The sentiment expressed in the sentence is positive. The phrase ""refreshing"" indicates a pleasant surprise or",1,"The sentiment in the given statement is positive. The phrase ""refreshing"" indicates a positive reaction,",-1,"The sentiment of the statement ""it's refreshing to see a girl-power movie that doesn't feel it",-1,"The sentence ""it's refreshing to see a girl-power movie that doesn't feel it has to prove"
1,1,"The sentiment in this sentence is somewhat mixed, leaning more towards positive. The phrase ""goes deeper",1,"The sentiment expressed in this sentence is somewhat nuanced and leans more towards positive. The phrase ""may appear",1,"The sentiment in this statement leans more towards positive. The phrase ""it goes deeper than that"" suggests",1,"The sentiment of this statement can be classified as positive.

The statement suggests that despite the film appearing superficial",-1,"To classify this sentence, we need to analyze the overall tone and meaning rather than focusing on individual words"
0,0,"The sentiment in this sentence is negative. The phrase ""stomp away in disgust"" indicates strong dis",0,"The sentiment expressed in this sentence is negative. The phrase ""stomp away in disgust"" indicates strong",0,"The sentiment in this sentence leans negative. The phrase ""young science fiction fans will stomp away in",0,"The sentiment of this statement can be classified as negative. The phrase ""stomp away in disgust""",1,"The sentence contains both positive and negative elements, but overall, it leans towards a negative sentiment. Here"
0,0,"The sentiment in the sentence ""as vulgar as it is banal"" is negative. The combination of",-1,"The sentiment expressed in the sentence ""as vulgar as it is banal"" is mixed but leans towards",0,"The sentiment expressed in the phrase ""as vulgar as it is banal"" is negative. 

-",0,"The sentiment of the statement ""as vulgar as it is banal"" can be interpreted as negative.",0,"The sentence ""as vulgar as it is banal"" expresses a negative sentiment. The words ""v"
1,1,"The sentiment in this sentence is positive. The phrase ""amazing job"" indicates approval and high praise",1,"The sentiment expressed in the sentence is positive. The use of words like ""amazing job"" indicates",1,"The sentiment in the given sentence is positive. The phrase ""amazing job"" indicates a very favorable",-1,"The sentiment of the statement ""zhang... has done an amazing job of getting realistic performances from his",1,"This sentence expresses a positive sentiment. The phrase ""amazing job"" indicates a favorable opinion about Zhang"
0,0,"The sentiment in the given sentence can be classified as mixed, leaning slightly negative. The phrase ""outer",0,"The sentiment expressed in the sentence is mixed, leaning slightly negative. The phrase ""outer-space buffs might",0,"The sentiment in the given statement can be described as mixed or slightly negative overall. Here's why:

",0,"The sentiment of the statement can be classified as mixed, leaning slightly negative. 

Here's the breakdown",1,"This sentence contains both positive and negative sentiments. 

The positive part is ""outer-space buffs might love"
1,1,"The sentiment of the given sentence can be classified as positive. The sentence praises ""Maud and Roland",1,"The sentiment of this sentence expresses a mixed but ultimately positive sentiment. 

For ""Maud and Roland",1,"The sentiment of the given sentence is positive.

The sentence highlights two aspects that contribute to its positive tone",-1,"To analyze the sentiment of this statement, I'll break down the key elements:

1. ""M",1,"This sentence contains both positive and negative elements, but leans more towards a positive overall sentiment. Here's"
0,0,"The sentiment in the sentence ""more whiny downer than corruscating commentary"" is negative",-1,"The sentiment expressed in the sentence ""more whiny downer than corruscating commentary"" is",0,"The given phrase ""more whiny downer than corrosive commentary"" suggests a negative sentiment. 

",-1,"To analyze the sentiment of the statement ""more whiny downer than corruscating commentary,""",-1,"The sentence ""more whiny downer than corruscating commentary"" contains mixed sentiments but leans"
0,0,"The sentiment in this sentence appears to be negative. The phrase ""simply too many ideas"" suggests",0,The sentiment expressed in the given sentence is mixed but leans slightly negative. The sentence suggests that there are,0,"The sentiment of the given sentence is negative. The phrase ""failing to exploit them"" indicates that",-1,"To analyze the sentiment of this statement, let's break it down:

1. ""there are simply",-1,"To classify the sentiment of this sentence, let's break it down:

- The sentence mentions ""too"
0,0,"The sentiment of the sentence is negative. The use of words like ""stale,"" ""kill-by",0,"The sentiment expressed in the given sentence is negative. The use of words like ""stale,"" """,0,The sentiment expressed in the given sentence is negative.,0,"The sentiment of the given statement is clearly negative. The use of words like ""stale,"" """,0,"The given sentence expresses a negative sentiment. The use of words like ""stale,"" ""kill-by"
1,1,The sentiment in this sentence appears to be neutral rather than positive or negative. The sentence discusses a distinguishing,1,"The sentiment expressed in this sentence appears to be positive. The sentence highlights a unique aspect of ""Time",1,"The sentiment for this statement is positive.

While the statement is discussing a thriller, it highlights an aspect",-1,"To analyze the sentiment of this statement, we need to consider the connotations and implications of the phrases",-1,"To classify this sentence, we need to consider the overall tone and implications rather than just the individual words"
0,1,"The sentiment in this sentence can be classified as mixed, leaning slightly positive. The speaker is open to",1,"The sentiment expressed in the sentence can be interpreted as slightly positive, but with a hint of caution or",0,"The sentiment in this statement leans more towards negative. The speaker is expressing that they appreciate emotional content,",-1,"The sentiment of the statement ""I don't mind having my heartstrings pulled, but don't treat",-1,"The sentence ""I don't mind having my heartstrings pulled, but don't treat me like a"
0,-1,"The sentiment of the sentence ""the movie's accumulated force still feels like an ugly knot tightening in your",0,"The sentiment expressed in the sentence is negative. The phrase ""an ugly knot tightening in your stomach""",0,"The sentiment expressed in the given sentence is negative. The phrase ""an ugly knot tightening in your stomach",-1,"The sentiment of the statement ""the movie's accumulated force still feels like an ugly knot tightening in your",-1,"The sentence ""the movie's accumulated force still feels like an ugly knot tightening in your stomach"" expresses"
0,0,"The sentiment in this sentence appears to be negative. The use of words like ""disgusting""",0,"The sentiment expressed in the sentence is negative. The use of words like ""disgusting"" and",0,"The sentiment of the given sentence is negative. The phrase ""disgusting"" and the implication that",0,"The sentiment of this statement can be classified as negative. The use of words like ""disgusting",-1,"The sentence ""at least one scene is so disgusting that viewers may be hard pressed to retain their lunch"
1,1,"The sentiment in this sentence is positive. The phrase ""it has charm to spare"" indicates appreciation for",1,"The sentiment expressed in the given sentence is positive. The sentence praises the film for having ""charm to",1,"The sentiment expressed in the given sentence is positive. The phrase ""has charm to spare"" indicates that",1,The sentiment of the given statement is positive. The statement highlights two key points that contribute to its positive,1,"The sentence can be classified as positive. It highlights two key points:

1. The film ""has"
1,1,"The sentiment in this sentence is positive. The use of words like ""entertainingly,"" """,1,"The sentiment expressed in the sentence is positive. The phrase ""entertainingly acted,"" ""m",1,"The sentiment for the given sentence is positive. The phrases ""entertainingly acted,"" ""m",1,"The sentiment of the statement is positive. The key phrases indicating this are ""entertainingly acted",1,"The sentence is classified as positive. The words and phrases used indicate a favorable opinion about the film:

"
1,1,"The sentence ""a giggle a minute"" has a positive sentiment. The word ""giggle",1,"The sentiment expressed in the sentence ""a giggle a minute"" is generally positive. The word """,1,"The phrase ""a giggle a minute"" indicates frequent laughter or amusement, which is generally considered positive",1,"The statement ""a giggle a minute"" suggests frequent laughter or enjoyment, which generally implies a positive",-1,"The sentence ""a giggle a minute"" is somewhat ambiguous without additional context, but generally, it"
1,1,"The sentiment in this sentence appears to be positive. The use of ""sharp humor"" and ""ins",1,"The sentiment expressed in this sentence appears to be positive. The use of ""sharp humor"" and """,1,"The sentiment expressed in the given sentence is positive. The use of ""sharp humor"" and ""ins",1,"The sentiment of the given statement can be analyzed positively. The statement describes how the subject uses ""sharp",-1,The given sentence is expressing a favorable opinion about the use of sharp humor and insight into human nature to
1,1,"The sentiment in this sentence can be classified as mixed but leaning towards positive. The phrase ""continued good",1,The sentiment expressed in the given sentence can be considered mixed but leans more towards positive. Here's a,1,"The sentiment of the given text can be classified as positive. Despite acknowledging that it's a ""sl",1,The sentiment of the given statement can be classified as positive. The statement acknowledges that there is some disappointment,1,"The given sentence can be classified as positive overall. While it acknowledges that the movie is ""slightly"
0,0,"The sentiment in the sentence ""I'm just too bored to care."" is negative. The phrase expresses",0,"The sentiment expressed in the sentence ""I'm just too bored to care."" is negative. The phrase",0,"The sentiment of the statement ""I'm just too bored to care"" is negative. The phrase indicates",0,"The sentiment of the statement ""I'm just too bored to care."" can be classified as negative.",0,"The sentence ""I'm just too bored to care"" expresses a negative sentiment. The word ""b"
0,-1,"The sentiment in the sentence ""one of the more irritating cartoons you will see this, or any,",-1,"The sentiment expressed in the sentence ""one of the more irritating cartoons you will see this, or any",0,"The sentiment expressed in the given sentence is negative. The phrase ""one of the more irritating"" and",-1,"The sentiment of the statement ""one of the more irritating cartoons you will see this, or any,",-1,"The sentence ""one of the more irritating cartoons you will see this, or any, year"" expresses"
1,1,"The sentiment in this sentence appears to be positive. The phrase ""one heck of a character study""",1,"The sentiment expressed in the sentence is positive. The phrase ""one heck of a character study"" indicates",1,"The sentiment expressed in the sentence is positive. The phrase ""one heck of a character study"" indicates",1,"The sentiment of this statement appears to be positive. The phrase ""one heck of a character study""",1,"The sentence contains a positive sentiment. It praises the character study, describing it as ""one heck of"
1,1,"The sentiment in this sentence appears to be positive. The words ""moves quickly,"" ""adroitly",0,"The sentiment expressed in the given sentence leans more towards a negative one. The phrase ""without fuss""",0,"The sentiment expressed in this statement is negative. The phrase ""without fuss"" could be seen as neutral",-1,"To analyze the sentiment of this statement, let's break it down:

1. ""it moves quickly",0,"The given sentence contains mixed sentiments, but overall, it leans towards a negative sentiment. Here's why"
0,-1,"The sentiment in the sentence ""i am sorry that i was unable to get the full brunt of",-1,"The sentiment expressed in the sentence ""i am sorry that i was unable to get the full brunt",0,"The sentiment in the given sentence is negative. The phrase ""I am sorry"" at the beginning often",-1,"The sentiment of the statement ""I am sorry that I was unable to get the full brunt of",-1,"The sentence ""I am sorry that I was unable to get the full brunt of the comedy"""
1,1,"The sentiment in the sentence ""a good piece of work more often than not"" is positive. The",1,"The sentiment expressed in the sentence ""a good piece of work more often than not"" is positive.",1,"The sentiment in the phrase ""a good piece of work more often than not"" is positive.

This",1,"The sentiment of the statement ""a good piece of work more often than not"" is positive. It",1,"The sentence ""a good piece of work more often than not"" expresses a positive sentiment. It suggests"
1,1,The sentiment in this sentence can be classified as positive. Although the ideas about techno-saturation are,1,"The sentiment expressed in the given sentence can be considered mixed, leaning slightly positive. 

Here's a",1,"The sentiment of the given sentence is positive.

Although the ideas discussed are not entirely new (""far from",1,"The sentiment of the statement can be classified as slightly positive. The phrase ""far from novel"" suggests",1,The sentence can be classified as having a positive sentiment. Although it mentions that the ideas about techno-s
1,-1,The sentiment of this sentence is mixed. It describes a film about Seinfeld's return to stand-up,1,"The sentiment expressed in this sentence appears to be mixed, leaning slightly positive. The sentence describes an """,1,"The sentiment of the given sentence appears to be positive. The key phrases that indicate this are ""ent",-1,"To analyze the sentiment of this statement, we need to consider the elements that contribute to the overall tone",-1,"To classify the sentiment of this sentence, let's break it down:

- ""Entertaining"""
1,1,"The sentiment of this sentence is clearly positive. The use of words and phrases like ""exhilar",1,"The sentiment expressed in the given sentence is positive. The use of words like ""exhilarating",1,The sentiment for this review is clearly positive. The language used includes words and phrases that indicate enthusiasm and,1,"The sentiment of this statement is clearly positive. The words used to describe the movie include ""exh",1,"The given sentence is clearly expressing a very positive sentiment. It praises the film as ""exhilar"
1,-1,"The sentiment in the sentence ""beautifully observed, miraculously unsentimental comedy-drama""",-1,"The sentiment expressed in the sentence ""beautifully observed, miraculously unsentimental comedy-drama",-1,"The sentiment expressed in the phrase ""beautifully observed, miraculously unsentimental comedy-drama",-1,"The sentiment of the statement ""beautifully observed, miraculously unsentimental comedy-drama""",-1,"The sentence ""beautifully observed, miraculously unsentimental comedy-drama"" can be classified"
0,0,"The sentiment of the sentence is negative. The phrase ""hackneyed message,"" ""thin characterizations",0,"The sentiment expressed in the given sentence is negative. The sentence criticizes various aspects of the film,",0,"The sentiment of the given sentence is negative. The phrase ""hackneyed message"" suggests a lack",0,"The sentiment of the statement is clearly negative. The phrase ""hackneyed message"" suggests that the",0,"The given sentence expresses a negative sentiment. The phrases ""hackneyed message,"" ""thin characterizations"
1,1,"The sentiment in this sentence is positive. The phrase ""breezy romantic comedy"" suggests an enjoyable",1,"The sentiment expressed in the sentence is positive. The sentence describes the movie as ""breezy,""",1,"The sentiment for the given statement is positive. The phrase ""breezy romantic comedy"" suggests an",1,"The sentiment of the statement can be classified as positive. The phrase ""breezy romantic comedy""",1,"The sentence can be classified as positive. It highlights several favorable aspects of the romantic comedy:

- """
0,0,"The sentiment in the sentence ""should have been someone else"" is negative. It expresses regret or disappointment",-1,"The sentence ""should have been someone else"" expresses regret or dissatisfaction, suggesting that the person speaking would",0,"The phrase ""should have been someone else"" expresses regret or disappointment, indicating a negative sentiment.

Answer",-1,"The statement ""should have been someone else"" expresses regret or disappointment about who did something instead of who",-1,"The sentence ""should have been someone else"" expresses a sentiment that is critical and regretful. It"
0,-1,"The sentence ""coughs and sputters on its own postmodern conceit"" has a",-1,"The sentiment expressed in the sentence ""coughs and sputters on its own postmodern conce",-1,"The given phrase ""coughs and sputters on its own postmodern conceit"" seems",-1,"The given statement ""coughs and sputters on its own postmodern conceit"" has",-1,"The sentence ""coughs and sputters on its own postmodern conceit"" does not"
1,1,"The sentiment in this sentence can be classified as positive. 

The phrase ""was a roaring success""",1,"The sentiment expressed in this sentence can be considered mixed but leaning slightly positive. Here's why:

-",1,"The sentiment in the given statement is positive. The phrase ""was a roaring success"" indicates a very",-1,"To analyze the sentiment of this statement, let's break it down into its components:

1. """,1,"The sentence contains both positive and negative sentiments, but overall it leans more towards positive. 

Here's"
0,0,"The sentiment in the sentence ""almost gags on its own gore"" is negative. The phrase suggests",0,"The sentiment expressed in the sentence ""almost gags on its own gore"" is negative. The use",0,"The sentiment of the phrase ""almost gags on its own gore"" is negative. The word """,0,"The sentiment of the statement ""almost gags on its own gore"" is negative. The use of",0,"The sentence ""almost gags on its own gore"" expresses a negative sentiment. The phrase ""g"
1,1,"The sentiment in the sentence ""a marvel like none you've seen"" is generally positive. It suggests",1,"The sentiment expressed in the sentence ""a marvel like none you've seen"" is generally positive. The",1,"The sentiment expressed in the phrase ""a marvel like none you've seen"" is positive. This statement",1,"The sentiment of the statement ""a marvel like none you've seen"" can be classified as positive.",-1,"The sentence ""a marvel like none you've seen"" expresses admiration and amazement, which are"
0,0,"The sentiment expressed in the given sentence is predominantly negative. The words ""trite,"" ""banal",-1,"The sentiment expressed in the sentence ""trite, banal, cliched, mostly inoffensive",-1,"The sentiment expressed in the phrase ""trite, banal, cliche'd, mostly inoff",0,"The given statement contains words with negative connotations such as ""trite,"" ""banal,"" and",0,"The given words ""trite,"" ""banal,"" and ""cliched"" all carry negative"
1,1,"The sentiment in this sentence is predominantly positive. Key phrases that indicate a positive sentiment include ""sens",1,"The sentiment expressed in the given sentence is predominantly positive. Key phrases that indicate this include ""endlessly",1,"The sentiment of this sentence is positive. Key indicators include words like ""sensational,"" ""re",1,"The sentiment of the given statement can be classified as positive. The key indicators of this are:

1",1,"The given sentence contains both positive and negative elements, but overall it leans more towards a positive sentiment."
1,1,"The sentiment of this sentence is positive. The phrase ""infectious exuberance"" suggests enthusiasm",1,"The sentiment expressed in the given sentence is positive. The use of words like ""infectious ex",1,"Positive

The sentiment expressed is clearly positive. The use of words like ""infectious exuber",1,"The sentiment of the statement is positive. The key phrases that indicate this sentiment are ""infectious",1,"This sentence expresses a positive sentiment. The use of words like ""infectious exuberance"""
1,1,"The sentiment of the sentence is positive. The words ""engaging,"" ""lively,"" and """,1,"The sentiment expressed in the sentence is positive. The words ""engaging,"" ""lively,"" and",1,"The sentiment of the given sentence is positive. The phrases ""engaging characterizations,"" ""lively",1,"The sentiment of the given statement can be classified as positive. The key indicators for this classification include:

",1,"The given sentence can be classified as positive. The phrases ""engaging characterizations"" and ""l"
1,1,"The sentiment in this sentence can be considered mixed, leaning towards positive. The phrases ""brilliant",1,"The sentiment expressed in the given sentence can be considered mixed, leaning more towards positive. Here's an",1,"Based on the description provided, the sentiment appears to be positive. The phrases ""brilliant""",1,"The sentiment of the given statement can be classified as mixed, leaning towards positive.

Here's the breakdown",1,"The given sentence contains mixed sentiments. The phrase ""brilliant"" indicates a positive sentiment, while"
0,0,The sentiment in this sentence can be classified as negative. While there is a slight acknowledgment of liking the,0,The sentiment expressed in the given sentence leans more towards negative. The sentence indicates a lack of dread or,0,"The sentiment in this statement appears to be negative. While there is a slight acknowledgment of enjoying the """,-1,"To analyze the sentiment of the given statement, let's break down its components:

1. ""there",0,"The given sentence can be classified as having a slightly negative sentiment. Here's why:

- The phrase"
0,0,"The sentiment of the sentence is negative. The phrase ""unexamined"" and ""unfunny",0,The sentiment expressed in the sentence is negative. The sentence criticizes what it views as an unfunny,0,"The sentiment of the given sentence is negative. The phrase ""unexamined"" and ""unfun",0,The sentiment of the given statement can be classified as negative. The statement expresses dissatisfaction and criticism towards the,0,The sentence contains a clear negative sentiment. It criticizes the comedy for not examining a serious issue (
1,1,"The sentiment in this sentence is positive. The words ""good,"" ""great,"" and phrases like """,1,"The sentiment expressed in the sentence is positive. The words ""good,"" ""great,"" and phrases like",1,"The sentiment expressed in the given sentence is positive. The words ""good,"" ""great,"" and the",1,"The sentiment of the given statement is positive. The use of words like ""good,"" ""great,""",1,"The sentence contains multiple positive elements:

- ""good car chases"" - Positive
- ""great"
0,0,The sentiment in this sentence is predominantly negative. While there is a slight acknowledgment that the last 2,0,"The sentiment expressed in the given sentence is predominantly negative. The phrase ""but most of the movie is",1,The sentiment for this review appears to be negative overall. While there is a slight positive note about the,0,The sentiment of the statement can be classified as negative. The statement acknowledges that the last 20,1,"The given sentence contains both positive and negative sentiments, but overall it leans more towards a negative classification."
1,-1,"The sentiment of the sentence ""even in its most tedious scenes, Russian Ark is mesmerizing"" can",-1,"The sentiment expressed in the sentence ""even in its most tedious scenes, Russian Ark is mesmerizing""",-1,"The sentiment of the given statement ""even in its most tedious scenes, Russian Ark is mesmerizing""",-1,"The sentiment of the statement ""even in its most tedious scenes, Russian Ark is mesmerizing"" can",-1,"The sentence ""even in its most tedious scenes, Russian Ark is mesmerizing"" can be classified as"
0,0,"The sentiment in this sentence is negative. The phrase ""sticky-sweet soap"" suggests that the movie",0,"The sentiment expressed in the given sentence is negative. The use of words like ""sticky-sweet""",0,"The sentiment expressed in this statement is negative. The phrase ""sticky-sweet soap"" is used to",-1,"To analyze the sentiment of this statement, let's break it down:

1. ""with its dog",0,"Based on the given sentence, the sentiment appears to be negative. The phrase ""sticky-sweet soap"
1,1,"The sentiment in this sentence can be classified as positive. The phrase ""fulfill your wildest fantasies",-1,"To analyze the sentiment of this sentence, let's break it down:

1. **""generally",1,"The sentiment in the given statement is positive. The phrase ""fulfill your wildest fantasies"" indicates",-1,"To analyze the sentiment of this statement, let's break down its components:

1. **""gener",-1,"To classify this sentence, we need to consider both the context and the words used:

- ""F"
1,0,"The sentiment in this sentence is mixed, leaning slightly negative. The comparison to ""Alice through the Looking",0,"The sentiment expressed in this sentence can be interpreted as slightly negative. The comparison to ""Alice through the",0,The sentiment of the given statement can be considered as negative or somewhat critical. The comparison is made favor,0,"The sentiment of this statement can be classified as slightly negative.

Let's break down the key elements:

",-1,"To classify this sentence, let's break down its components:

- ""Something akin to a Japanese Alice"
0,1,"The sentence ""oh come on"" does not clearly express a positive or negative sentiment on its own;",1,"The sentence ""oh come on"" alone does not express a clear positive or negative sentiment. It can",-1,"The phrase ""oh come on"" is generally used to express mild frustration or impatience, but",-1,"The statement ""oh come on"" is somewhat ambiguous without additional context, but in many contexts, it",1,"The sentence ""oh come on"" does not express a clear positive or negative sentiment on its own."
1,1,"The sentiment for this sentence can be classified as positive. The phrases ""thought-provoking,"" """,1,"The sentiment expressed in the given sentence is positive. The words ""thought-provoking,"" ""ha",1,"The sentiment for the given description is positive.

This judgment is based on several key phrases:
- """,1,The sentiment of the given statement can be classified as positive. The key phrases that indicate a positive sentiment,1,"The sentence you provided can be classified as positive. It highlights several positive attributes of the film ""Solar"
1,1,"The sentiment in this sentence is positive. The speaker is praising multiple aspects of the film, including the",1,The sentiment expressed in the given sentence is positive. The sentence highlights several improvements and positive aspects of the,1,The sentiment in the given statement is positive. The text highlights several improvements and positive aspects of the film,1,The sentiment of the given statement is positive. The statement highlights multiple improvements in different aspects of the film,1,"This sentence expresses a positive sentiment. It highlights several improvements in the film, including enhanced special effects and"
0,0,"The sentiment in the given sentence is negative. The phrase ""the filmmakers weren't sure where they wanted",0,"The sentiment expressed in the given sentence is negative. The use of phrases like ""weren't sure",0,The sentiment in the given statement is negative. The filmmaker's uncertainty about the direction of the story and,0,The sentiment of the given statement is clearly negative. The statement criticizes the filmmakers for not having a,0,"The sentence you provided expresses a negative sentiment. The use of words like ""clear,"" ""lack"
1,1,"The sentiment of the sentence can be classified as positive. The use of words like ""beguiling",1,"The sentiment expressed in this sentence is positive. The key indicators of this positive sentiment include:

1.",1,"The sentiment for the given sentence appears to be positive. The use of words like ""beguiling",1,"The sentiment of this statement can be classified as positive. The key indicators for this classification include:

1",1,"The given sentence can be classified as positive. The key phrases that indicate a positive sentiment include ""beg"
0,0,"The sentiment in this sentence is negative. The phrase ""even on those rare occasions"" suggests that when",0,"The sentiment expressed in the sentence appears to be negative. The phrase ""yammering"" is generally",0,"The sentiment of the given sentence is negative. The phrase ""yammering"" implies that the narrator",-1,"To analyze the sentiment of this statement, let's break it down:

- ""Even on those rare",-1,"The sentence ""even on those rare occasions when the narrator stops yammering, Miller's hand often"
1,1,"The sentiment in this sentence is positive. The words ""evocative,"" ""accurate,"" """,1,"The sentiment expressed in the given sentence is positive. The sentence praises the subject's talent for ""ev",1,"Positive

The sentiment expressed is clearly positive. The text highlights two aspects of ""chaiken's""",1,"The sentiment of the statement is positive. The words ""evocative,"" ""accurate,"" """,-1,"The sentence you provided is expressing a favorable opinion about the subject's (chaiken's) abilities,"
0,0,"The sentiment expressed in the sentence is clearly negative. Key indicators include words like ""undermine,"" which",0,"The sentiment expressed in the given sentence is negative. The words ""undermine,"" ""clumsy",0,"The sentiment expressed in the given statement is negative. The words ""undermine,"" ""clumsy",0,"The sentiment of the given statement is negative. The phrases ""sticky sweet sentimentality,"" ""clums",0,"The sentence you provided contains multiple elements that contribute to a negative sentiment. Here's a breakdown:

-"
1,1,"The sentiment in the sentence appears to be positive. The use of words like ""inspires,"" """,1,"The sentiment expressed in the sentence appears to be positive. The words ""inspires,"" ""continuing",1,"The sentiment expressed in the given sentence is positive. The phrase ""deeply satisfying awareness"" indicates a",1,"The sentiment of the given statement can be classified as positive. The phrase ""deeply satisfying"" indicates",-1,"The sentence ""it inspires a continuing and deeply satisfying awareness of the best movies as monumental `picture shows"
1,0,"The sentiment in this sentence is mixed but leans slightly negative. The phrase ""dangerously seductive""",-1,"To analyze the sentiment of this sentence, let's break it down:

1. ""featuring a",0,"The sentiment in this statement is mixed but leans slightly negative. 

While it praises Daniel Auteuil",-1,"To analyze the sentiment of this statement, let's break it down into its components:

1. **",0,"The sentence contains mixed sentiments, but it leans towards a slightly negative tone. Here's why:

-"
1,1,"The sentiment in this sentence appears to be positive. Despite mentioning ""tragic loss"" and ""incre",1,"The sentiment expressed in this sentence is positive. Despite mentioning ""tragic loss"" and ""increasing",1,"The sentiment of the given text appears to be positive. The phrase ""steady pulse of life"" suggests",1,"The sentiment of this statement can be analyzed as positive. Here's why:

- The phrase ""steady",1,"This sentence contains elements that can be interpreted as both positive and negative, but overall it leans towards a"
1,1,"The sentiment in this sentence appears to be positive. The phrase ""compelling quest for truth"" suggests",1,"The sentiment expressed in the given sentence is positive. The sentence praises Esther's story as a ""comp",1,"Positive

The sentiment expressed in the given sentence is positive. The statement highlights that an actor with the",1,The sentiment of the given statement can be classified as positive. The statement suggests that Esther's story is,1,This sentence expresses a positive sentiment. It praises the compelling nature of Esther's story and highlights its significance
0,-1,"The sentiment of the sentence ""it's too bad that the helping hand he uses to stir his ingredients",-1,"The sentiment expressed in the sentence ""it's too bad that the helping hand he uses to stir his",0,"The sentiment of the given sentence appears to be negative. The phrase ""too bad"" at the beginning",-1,"To analyze the sentiment of the statement ""it's too bad that the helping hand he uses to stir",-1,"To classify the sentiment of the sentence ""it's too bad that the helping hand he uses to stir"
0,1,"The sentiment in the sentence ""yes, dull"" is mixed. While it begins with a positive affirmation",0,"The sentiment expressed in the sentence ""yes, dull"" is negative. The word ""dull""",0,"The sentiment of the phrase ""yes, dull"" is negative. 

The word ""yes"" here",0,"The sentiment of the statement ""yes, dull"" is negative. The word ""dull"" carries",-1,"The sentence ""Yes, dull."" can be interpreted in different ways depending on context. However, if"
0,0,"The sentiment in this sentence can be classified as negative. The phrase ""but most fail miserably""",0,"The sentiment expressed in the given sentence is negative. The sentence criticizes the jokes as failing ""m",0,"The sentiment of the given statement is negative. The phrase ""most fail miserably"" indicates disappointment and",0,The sentiment of the given statement can be classified as negative. The statement expresses disappointment and criticism regarding the,1,"The given sentence contains both positive and negative sentiments, but overall it leans towards a negative sentiment. Here"
1,0,"The sentiment in this sentence is negative. The phrase ""emotionally diluted"" implies a lack of depth",0,"The sentiment expressed in the sentence is negative. The phrase ""emotionally diluted"" carries a negative con",0,"The sentiment of the given statement is negative. The phrase ""emotionally diluted"" implies a sense of",0,"The sentiment of the statement can be classified as negative. The phrase ""emotionally diluted"" suggests that",1,"The sentence contains both positive and negative elements, but overall it leans more towards a negative sentiment. The"
0,0,"The sentiment in this sentence is mixed, leaning slightly negative. The use of words like ""draw easy",0,"The sentiment expressed in this sentence leans more towards a negative tone. The phrase ""draw easy chuckles",0,"The sentiment in this sentence is negative.

The phrase ""lead nowhere"" indicates a lack of progression or",0,"The sentiment of this statement is negative. The phrase ""draw easy chuckles"" suggests that the humor",1,"The given sentence contains both positive and negative elements, but overall, it leans more towards a negative sentiment"
1,1,"The sentiment in this sentence is generally positive. The phrase ""inspirational screenplay"" and the acknowledgment",1,"The sentiment expressed in the sentence is generally positive. The key phrases that indicate this are ""inspir",1,"The sentiment in this statement is generally positive. The reviewer acknowledges that the screenplay ""ties things together,",1,The sentiment of this statement can be classified as generally positive. The key phrases that indicate a positive sentiment,1,"The given sentence can be classified as positive. The key phrases that indicate a positive sentiment include ""ins"
1,1,"The sentiment of this sentence is positive. The phrase ""real gift for teasing chilly poetry"" indicates appreciation",1,The sentiment expressed in the given sentence is positive. The sentence praises Ramsay (likely referring to Gordon,1,"The sentiment in this sentence is positive. The phrase ""real gift for teasing chilly poetry"" suggests appreciation",1,"The sentiment of this statement can be classified as positive. The phrase ""real gift for teasing chilly poetry",1,"The given sentence expresses a positive sentiment. Although it describes Ramsay's work as having an ""acid"
1,1,"The sentiment in this sentence is positive. The words ""interesting,"" ""creatively constructed,"" and """,1,"The sentiment expressed in the sentence is positive. The words ""interesting"" and ""creatively constructed""",1,"Based on the given sentence, the sentiment appears to be positive. The phrase ""interesting"" and the",-1,"The sentiment of the statement ""the characters are interesting and often very creatively constructed from figure to backstory""",1,"The sentence ""the characters are interesting and often very creatively constructed from figure to backstory"" expresses a positive"
0,0,"The sentiment in this sentence is clearly negative. The use of words like ""unremittingly",0,"The sentiment expressed in the sentence is negative. The use of words like ""unremittingly",0,"The sentiment in this sentence is clearly negative. The phrase ""unremittingly awful"" indicates",0,"The sentiment of this statement is clearly negative. The phrase ""unremittingly awful"" indicates",-1,"The sentence ""so unremittingly awful that labeling it a dog probably constitutes cruelty to canines"
1,-1,"The sentiment in the sentence ""Reggio's continual visual barrage is absorbing as well as thought-prov",-1,"The sentiment expressed in the sentence ""Reggio's continual visual barrage is absorbing as well as thought-pro",1,"The sentiment for the given sentence is positive. The phrases ""absorbing"" and ""thought-pro",-1,"The sentiment of the statement ""Reggio's continual visual barrage is absorbing as well as thought-prov",-1,"The sentence ""Reggio's continual visual barrage is absorbing as well as thought-provoking"" can"
0,0,"The sentiment in this sentence is negative. The phrase ""wish the movie were"" indicates dissatisfaction, and",0,"The sentiment expressed in the sentence is negative. The phrase ""wish the movie were less"" indicates dissatisfaction",0,"The sentiment in this sentence is negative. The phrase ""wish the movie were less"" indicates dissatisfaction with",0,The sentiment of the given statement is negative. The statement expresses disappointment with various aspects of the movie:,0,"The sentence expresses a negative sentiment. The use of words like ""wish,"" ""less simplistic,"" """
1,0,"The sentiment in this sentence appears to be negative. The phrase ""gears of justice grind"" suggests",-1,"To analyze the sentiment of the given sentence, let's break it down:

- ""emerge with",0,"The sentiment in this statement appears to be negative. The phrase ""grind on"" suggests a slow",-1,"To analyze the sentiment of the given statement, let's break it down:

- ""emerge with",-1,"To classify this sentence, let's break it down:

- ""emerge with a clearer view"""
1,1,"The sentiment in this sentence is positive. The phrase ""actually pulls off this stylistic juggling act",1,"The sentiment expressed in the given sentence is positive. The sentence highlights two key positive aspects:

1.",1,"The sentiment in the given sentence is positive. The phrases ""absolute control of the film's mood""",-1,"To analyze the sentiment of the given statement, let's break it down:

1. ""thanks to",1,"The given sentence expresses a positive sentiment. The key phrases that indicate this are:

- ""thanks to"
0,0,"The sentiment in the sentence ""the problem with this film is that it lacks focus"" is negative.",0,"The sentiment expressed in the sentence ""the problem with this film is that it lacks focus"" is negative",0,"The sentiment expressed in the statement ""the problem with this film is that it lacks focus"" is negative",-1,"The sentiment of the statement ""the problem with this film is that it lacks focus"" can be classified",0,"The sentence ""the problem with this film is that it lacks focus"" expresses a negative sentiment. The"
1,1,"The sentiment in this sentence is predominantly positive. The phrases ""memorable performance,"" ""big, br",1,"The sentiment expressed in this sentence is predominantly positive. The phrase ""memorable performance"" indicates a positive",1,"The sentiment of the given statement is positive.

This can be determined from phrases like ""memorable performance",1,"The sentiment of this statement is predominantly positive. Here's an analysis:

- ""memorable performance""",1,"The given sentence contains both positive and negative sentiments, but overall, it leans more towards a positive assessment"
0,0,"The sentiment in this sentence is negative. The phrase ""gives away"" suggests disappointment or dissatisfaction with",0,"The sentiment expressed in this sentence is negative. The sentence describes a situation where one mystery is ""given",0,"The sentiment expressed in this sentence is negative. The phrase ""badly drawn characters"" indicates dissatisfaction with",0,The sentiment of this statement can be classified as negative. It highlights two aspects that contribute to a negative,1,"The sentence contains both positive and negative elements, but overall, it leans more towards a negative sentiment."
0,-1,"The sentiment in this sentence is mixed. While it acknowledges the presence of ""big screen moments,"" which",-1,"To determine the sentiment of this sentence, let's break it down:

1. ""tv style murder",-1,"The sentiment expressed in the given statement appears to be mixed. While it acknowledges the presence of ""big",-1,"To analyze the sentiment of this statement, let's break it down:

1. ""TV style murder",1,The given sentence is somewhat neutral but leans slightly positive. It describes a TV-style murder mystery with some
0,-1,"The sentiment of the sentence ""a by-the-numbers patient/doctor pic that covers all the usual",-1,"The sentiment expressed in the sentence ""a by-the-numbers patient/doctor pic that covers all the",-1,"The sentiment of the phrase ""a by-the-numbers patient/doctor pic that covers all the usual",-1,"The given statement ""a by-the-numbers patient/doctor pic that covers all the usual ground""",-1,"The sentence ""a by-the-numbers patient/doctor pic that covers all the usual ground"" is"
1,-1,"The sentiment in the sentence ""it's a stunning lyrical work of considerable force and truth"" is",-1,"The sentiment expressed in the sentence ""it's a stunning lyrical work of considerable force and truth""",-1,"The sentiment for the given sentence ""it's a stunning lyrical work of considerable force and truth""",-1,"The sentiment of the statement ""it's a stunning lyrical work of considerable force and truth"" is",1,"The sentence ""it's a stunning lyrical work of considerable force and truth"" expresses a positive sentiment"
1,1,"The sentiment of the sentence can be classified as positive. The key phrases indicating this are ""gri",1,"The sentiment expressed in this sentence is positive. Key phrases that indicate this include ""gripping,""",1,"The sentiment of the given sentence is positive. The phrases ""gripping"" and ""tidy",1,"The sentiment of this statement can be classified as positive. Here's the analysis:

- ""disputed",1,"The sentence contains both positive and negative elements, but overall, it leans more towards a positive sentiment."
1,1,"The sentiment of the sentence ""funny but perilously slight"" is mixed. It contains both positive",-1,"The sentiment expressed in the sentence ""funny but perilously slight"" is mixed. It contains both",0,"The sentiment of the phrase ""funny but perilously slight"" can be interpreted as slightly negative or",-1,"The statement ""funny but perilously slight"" contains mixed sentiments. 

- ""Funny"" is",1,"The sentence ""funny but perilously slight"" contains both positive and negative elements:

- ""Funny"
1,1,"The sentiment in this sentence appears to be positive. The phrase ""new voice"" is often used to",1,The sentiment expressed in this sentence is positive. The sentence praises cq for reflecting artists and having a love,1,"The sentiment in this statement appears to be positive. The phrase ""new voice"" is often used to",1,"The sentiment of this statement is positive. The phrase ""new voice that deserves to be considered as a",1,"This sentence expresses a very positive sentiment. The use of words like ""new voice"" and ""des"
1,0,"The sentiment in this sentence appears to be slightly negative. The phrase ""sure make a courtroom trial great",0,"The sentiment in this sentence can be considered mixed, but leaning towards a slightly negative tone. Here's",0,"The sentiment in this sentence leans towards negative. The phrase ""make a courtroom trial great fun to watch",-1,"To analyze the sentiment of this statement, let's break it down:

1. The first part,",1,"The sentence can be interpreted as having a slightly positive sentiment. The phrase ""sure make a courtroom trial"
1,1,"The sentiment of this sentence appears to be mixed but leans towards positive. The phrases ""dazzling",1,"The sentiment expressed in this sentence is mixed but leans towards positive. Here's the breakdown:

- """,1,"The sentiment of the given statement is positive. The phrase ""dazzling in its complexity"" indicates",-1,"To analyze the sentiment of the given statement, let's break it down:

1. ""dazz",1,"The sentence contains both positive and negative elements, but it leans more towards a positive sentiment overall. The"
1,0,"The sentiment in this sentence appears to be mixed, leaning towards negative. The phrase ""murderous",-1,"To analyze the sentiment of this sentence, let's break it down:

- ""Literate presentation""",1,"The sentiment of the given sentence is positive. The use of words like ""wonderfully"" to",-1,"To analyze the sentiment of the given statement, let's break it down:

- ""A literate",-1,"To classify this sentence, let's break it down:

- ""Literate presentation"" is generally a"
0,0,The sentiment in this sentence is negative. The statement expresses disappointment with the script and suggests that even an,0,"The sentiment expressed in the sentence is negative. The sentence criticizes the script, stating that it is",0,The sentiment of this statement is negative. The phrase indicates that the script is considered poor quality and that,0,"The sentiment of the statement is negative. The statement criticizes the script for being ""not very good",0,The given sentence expresses a negative sentiment. It criticizes the quality of the script and suggests that even
0,-1,"The sentiment in the sentence ""Eventually, every idea in this film is flushed down the latrine of",0,"The sentiment expressed in the sentence is negative. The phrase ""flushed down the latrine of hero",0,"The sentiment of the given sentence is negative.

The phrase ""flushed down the latrine of hero",0,"The sentiment of the statement can be classified as negative. The phrase ""flushed down the latrine",-1,"The sentence ""eventually, every idea in this film is flushed down the latrine of heroism"
1,1,"The sentiment of this sentence is positive. The phrase ""truly cinematic in scope"" and ""comp",1,"The sentiment expressed in this sentence is positive. The sentence praises the cartoon for being ""cinematic in",1,"Positive

This sentence expresses a positive sentiment towards the cartoon. Key phrases indicating positivity include ""truly",1,"The sentiment of the given statement is positive. The phrase ""truly cinematic in scope"" indicates appreciation",1,"This sentence expresses a positive sentiment. The key phrases that indicate positivity include ""truly cinematic in scope"
0,0,"The sentiment in this sentence can be classified as negative. The use of ""dumb"" and the",-1,"The sentiment expressed in the sentence ""it's dumb, but more importantly, it's just not scary",0,"The sentiment in the given sentence is negative. The phrase ""dumb"" and the overall implication that",-1,"The sentiment of the statement ""it's dumb, but more importantly, it's just not scary""",-1,"The sentence ""it's dumb, but more importantly, it's just not scary"" contains mixed sentiments"
0,0,"The sentiment of the sentence ""detox is ultimately a pointless endeavor"" is negative. The word """,0,"The sentiment expressed in the sentence ""detox is ultimately a pointless endeavor"" is negative. The use",0,"The sentiment of the statement ""detox is ultimately a pointless endeavor"" is negative.",0,"The sentiment of the statement ""detox is ultimately a pointless endeavor"" is negative. It expresses a",0,"The sentence ""detox is ultimately a pointless endeavor"" expresses a negative sentiment. The word ""point"
0,0,"The sentiment in this sentence is negative. The phrase ""sudsy tub of supernatural hokum",0,"The sentiment expressed in this sentence is negative. The sentence criticizes the work being discussed, describing it",0,"The sentiment in this statement is negative.

The phrase ""not even Ms. Redgrave's noblest",0,"The sentiment of this statement is clearly negative. The key phrases that indicate this are:

- ""a",0,"The given sentence expresses a negative sentiment. The use of words and phrases such as ""sudsy"
1,1,"The sentiment in the sentence ""an exquisitely crafted and acted tale"" is positive. The",1,"The sentiment expressed in the sentence ""an exquisitely crafted and acted tale"" is positive.",1,"Based on the given sentence ""an exquisitely crafted and acted tale,"" the sentiment is positive",1,"The sentiment of the statement ""an exquisitely crafted and acted tale"" is positive. 

",1,"The sentence ""an exquisitely crafted and acted tale"" expresses a positive sentiment. The words"
0,0,"The sentiment of the sentence ""this is so bad"" is negative.",0,"The sentiment expressed in the sentence ""this is so bad"" is negative.",0,"The sentiment of the phrase ""this is so bad"" is negative.",0,"The sentiment of the statement ""this is so bad"" is negative. It expresses strong disapproval or",0,"The sentence ""this is so bad"" expresses a negative sentiment."
0,0,"The sentiment in this sentence is negative. The phrase ""but not nearly enough"" and ""not without",0,The sentiment expressed in this sentence is negative. While it acknowledges that Carvey's talent for voices is,0,"The sentiment in this statement is mixed, leaning slightly negative. The phrase ""but not nearly enough""",0,The sentiment of the given statement is negative. The statement acknowledges Carvey's talent for voices but expresses,1,"The given sentence contains both positive and negative elements, but overall it leans more towards a negative sentiment."
1,1,"The sentiment in this sentence appears to be positive. The phrase ""light years"" suggests a vast improvement",-1,"To analyze the sentiment of this sentence, we need to break it down:

1. ""light years",-1,"The sentiment expressed in the phrase ""light years / several warp speeds / levels and levels of dilith",-1,"To analyze the sentiment of this statement, let's break down its components:

1. ""light years",-1,"The sentence you provided contains some elements from Star Trek's fictional universe, but it is somewhat fragmented and"
1,-1,"The sentiment in the sentence ""it's about following your dreams, no matter what your parents think""",-1,"The sentiment expressed in the sentence ""it's about following your dreams, no matter what your parents think",-1,"The sentiment of the given statement ""it's about following your dreams, no matter what your parents think",-1,"The sentiment of the statement ""it's about following your dreams, no matter what your parents think""",1,"This sentence expresses a positive sentiment. It encourages following one's dreams regardless of external opinions, which is"
0,0,"The sentiment of the sentence appears to be negative. The comparison of the movie to a ""recruitment",0,"The sentiment expressed in this sentence is negative. The comparison to a ""recruitment film for future h",0,"The sentiment of the given sentence is negative.

This can be inferred from the comparison being made between the",-1,"To analyze the sentiment of the given statement, let's break it down:

- ""Overall effect is",0,"The given sentence has a negative sentiment. The comparison of the movie to a ""recruitment film for"
1,1,"The sentiment of the sentence is positive. The phrase ""anchored by... exceptional performances"" indicates admiration",1,The sentiment expressed in the sentence is positive. The sentence highlights the strength of the film due to the,1,"Positive

The sentence highlights the positive impact of the exceptional performances by Friel and Williams on the film",1,"The sentiment of the given statement can be classified as positive. The statement highlights the significant contributions of """,1,The sentence can be classified as positive. It highlights the strength of the film due to the exceptional performances
1,1,The sentiment in this sentence can be classified as positive. The sentence highlights the unique quality of Italian for,1,"The sentiment expressed in this sentence is positive. The sentence highlights the distinctive quality of Italian for Beginners,",1,The sentiment expressed in this sentence is positive. The statement praises Italian for Beginners for focusing on character development,1,"The sentiment of this statement can be analyzed as follows:

1. **Positive Elements:**
   -",1,"This sentence can be classified as positive. It highlights the quality of ""character development"" and ""character"
0,0,"The sentiment in the sentence ""a sequel that's much too big for its britches"" is negative",-1,"The sentiment expressed in the sentence ""a sequel that's much too big for its britches"" is",-1,"The sentiment expressed in the phrase ""a sequel that's much too big for its britches"" is",-1,"The sentiment of the statement ""a sequel that's much too big for its britches"" can be",-1,"The sentence ""a sequel that's much too big for its britches"" contains a metaphorical expression"
1,0,"The sentiment of this sentence is mixed, leaning slightly negative. The phrase ""puts its heart in the",-1,"The sentiment expressed in the sentence ""Harrison's Flowers puts its heart in the right place, but",0,"The sentiment of the given sentence is negative.

This can be inferred from the phrase ""brains are",-1,"To analyze the sentiment of this statement, let's break it down:

1. ""Harrison's",-1,"To classify this sentence, let's break it down:

- ""Harrison's Flowers"" is mentioned"
0,0,"The sentiment expressed in the sentence is clearly negative. Words like ""deadeningly dull,"" ""conv",0,"The sentiment expressed in the given sentence is clearly negative. The words ""deadeningly dull,"" """,0,"The sentiment expressed in the given phrase is negative. The words ""deadeningly dull,"" ""m",-1,"The sentiment of the statement ""deadeningly dull, mired in convoluted melodrama,",-1,"The given sentence contains multiple descriptors that express unfavorable opinions, such as ""deadeningly dull,"" """
0,0,"The sentiment in this sentence appears to be negative. The phrase ""no atmosphere, no tension"" suggests",0,"The sentiment expressed in this sentence appears to be negative. The use of words like ""no atmosphere""",0,"The sentiment of the given sentence is negative.

This assessment is based on the use of words like """,0,"The sentiment of the given statement can be classified as negative.

Breaking down the statement:

- ""dragon",0,"The given sentence appears to be expressing a negative sentiment. The phrases ""no atmosphere"" and ""no"
1,1,"The sentiment in the sentence ""the film is powerful, accessible and funny"" is positive. The words",1,"The sentiment expressed in the sentence ""the film is powerful, accessible and funny"" is positive. The",1,"Based on the given sentence ""the film is powerful, accessible and funny,"" the sentiment is positive.",1,"The sentiment of the statement ""the film is powerful, accessible and funny"" can be classified as positive",1,"The sentence ""the film is powerful, accessible and funny"" expresses a positive sentiment. The use of"
1,-1,"The sentiment in the sentence ""and that's a big part of why we go to the movies""",-1,"The sentiment expressed in the sentence ""and that's a big part of why we go to the movies",-1,"The sentiment expressed in the sentence ""and that's a big part of why we go to the movies",-1,"The sentiment of the statement ""and that's a big part of why we go to the movies""",-1,"The sentence ""and that's a big part of why we go to the movies"" does not express"
1,-1,"The sentiment in the sentence ""crackerjack entertainment -- nonstop romance, music, suspense and action",-1,"The sentiment expressed in the sentence ""crackerjack entertainment -- nonstop romance, music, suspense and",-1,"Based on the given sentence ""crackerjack entertainment -- nonstop romance, music, suspense and action",-1,"The sentiment of the statement ""crackerjack entertainment -- nonstop romance, music, suspense and action",-1,"The sentence ""crackerjack entertainment -- nonstop romance, music, suspense and action"" appears to"
1,-1,"The sentiment of the sentence ""the minor figures surrounding (bobby) ... form a gritty urban mosaic",-1,"The sentiment expressed in the sentence ""the minor figures surrounding (bobby) ... form a gritty urban",1,"The sentiment of the given sentence is positive.

The phrase ""gritty urban mosaic"" suggests a vivid",-1,"To analyze the sentiment of this statement, let's break down its components:

- ""Gritty",-1,"The sentence ""the minor figures surrounding (bobby) ... form a gritty urban mosaic"" is somewhat"
1,1,"The sentiment in this sentence is positive. The words ""poignant,"" ""compelling,"" ""s",1,"The sentiment expressed in the sentence is positive. The words ""poignant,"" ""compelling,"" """,1,"The sentiment expressed in the given sentence is positive. The words ""poignant,"" ""compelling,""",1,"The sentiment of the statement can be classified as positive. The key phrases that indicate this sentiment are """,1,"The given sentence expresses a positive sentiment. Key phrases that indicate this include ""poignant and compelling,"""
1,0,"The sentiment of this sentence appears to be negative. The use of phrases like ""crushes,""",0,"The sentiment expressed in this sentence appears to be negative. The use of phrases like ""crushes",0,"The sentiment of the given statement appears to be negative. The phrase ""crushes"" and the",-1,The statement appears to be expressing a sarcastic or humorous criticism of a movie adaptation that attempts to overshadow,-1,"This sentence contains some metaphorical and somewhat nonsensical elements, but it does not clearly express a"
1,1,"The sentiment in this sentence can be classified as positive. The phrase ""vivid lead performances sustain interest",1,"The sentiment expressed in this sentence is mixed, leaning slightly positive. Here's an analysis:

- """,1,"The sentiment of the given sentence can be classified as positive. 

Let's break down why:

-",-1,"To analyze the sentiment of this statement, let's break it down:

1. ""The vivid lead",1,"The sentence contains both positive and negative elements, but leans more towards a positive sentiment overall.

- """
1,1,"The sentiment in the sentence appears to be positive. The phrase ""two-actor master class"" suggests",1,"The sentiment expressed in the sentence is positive. The phrase ""two-actor master class"" indicates high",1,"The sentiment of the given sentence is positive. The phrase ""two-actor master class"" indicates that",-1,"To analyze the sentiment of this statement, let's break it down:

1. ""Lapag",1,The given sentence expresses a positive sentiment. It praises the actors' abilities to convey complex emotions (g
0,0,"The sentiment of the sentence is negative. The use of words like ""wallowing"" and criticism",0,"The sentiment expressed in the sentence is negative. The use of words like ""wallowing"" and",0,"The sentiment in this sentence is negative. The phrase ""wallowing in"" typically implies excessive or",0,"The sentiment of this statement is negative. The key indicators are:

- ""spends too much time",0,"The given sentence expresses a negative sentiment. The use of words like ""wallowing"" and """
0,0,"The sentiment in this sentence is mixed, leaning slightly negative. The phrase ""but he never really embraces",0,"The sentiment expressed in this sentence is mixed but leans slightly negative. Here's a breakdown:

- The",0,"The sentiment in this statement is negative. The reviewer appreciates ""Care"" for capturing the wonder and",0,"The sentiment of the given statement can be classified as mixed, leaning slightly negative. Here's a breakdown",1,"The sentence you provided contains both positive and negative sentiments, but it leans more towards a negative overall impression"
1,1,"The sentiment in this sentence can be classified as mixed, leaning towards positive. The phrase ""strang",1,"The sentiment expressed in the given sentence is mixed but leans slightly positive. 

The sentence begins with a",1,"The sentiment in this statement can be considered mixed, leaning more towards positive. Here's why:

-",-1,"To analyze the sentiment of this statement, let's break it down:

1. **Egotistical",1,"The sentence contains both positive and negative elements, but overall, it leans more towards a positive sentiment."
0,-1,"The sentiment of the sentence ""if looking for a thrilling sci-fi cinematic ride, don't settle for",0,"The sentiment expressed in the sentence is negative. The phrase ""don't settle for this imposter""",0,"The sentiment in the given sentence is negative. The phrase ""imposter"" suggests that what is being",-1,"The sentiment of the statement ""if looking for a thrilling sci-fi cinematic ride, don't settle for",-1,"The sentence ""if looking for a thrilling sci-fi cinematic ride, don't settle for this imposter"
0,0,"The sentiment in the sentence ""plays like a volatile and overlong w magazine fashion spread"" is negative",-1,"The sentiment expressed in the sentence ""plays like a volatile and overlong w magazine fashion spread"" is",-1,"The sentiment of the given sentence ""plays like a volatile and overlong w magazine fashion spread"" is",0,"The sentiment of the statement ""plays like a volatile and overlong w magazine fashion spread"" is negative",0,"The sentence ""plays like a volatile and overlong w magazine fashion spread"" expresses a negative sentiment."
1,0,"The sentiment in this sentence appears to be slightly negative. The phrase ""disturbing questions"" suggests",0,"The sentiment expressed in the given sentence leans more towards a negative one. The phrase ""disturbing",0,"The sentiment of the given sentence leans more towards negative. The phrase ""disturbing questions"" suggests",-1,"To analyze the sentiment of the given statement, let's break down its components:

- ""not far",1,"The sentence you provided contains elements that could be interpreted as both positive and negative sentiments, but leaning more"
1,1,"The sentiment in this sentence appears to be positive. The phrase ""economically packed with telling scenes",-1,"The sentiment expressed in the sentence ""Michael Gerbosi's script is economically packed with telling scenes""",1,"The sentiment of the given sentence is positive. The phrase ""economically packed with telling scenes""",-1,"To analyze the sentiment of the statement ""Michael Gerbosi's script is economically packed with telling scenes",-1,"The sentence ""Michael Gerbosi's script is economically packed with telling scenes"" contains mixed sentiments that"
0,-1,"The sentiment in the sentence ""moretti's compelling anatomy of grief and the difficult process of adapting to",-1,"The sentiment expressed in the sentence ""moretti's compelling anatomy of grief and the difficult process of adapting",1,"The sentiment for the given sentence is positive. The phrase ""compelling"" indicates that the subject (",-1,"The sentiment of the statement ""Moretti's compelling anatomy of grief and the difficult process of adapting to",-1,"The sentence ""Moretti's compelling anatomy of grief and the difficult process of adapting to loss"" expresses"
1,1,"The sentiment in this sentence appears to be mixed but leans slightly towards positive. The phrase ""so refresh",-1,"To analyze the sentiment of this sentence, let's break it down:

1. **""so refresh",1,"The sentiment in this statement leans more towards positive. The key phrases that indicate a positive sentiment are:

",0,"The sentiment of the given statement can be classified as slightly negative. Here's an analysis:

- The",1,"The given sentence contains both positive and negative elements, but overall it leans towards a positive sentiment. Here"
0,0,"The sentiment expressed in this sentence is negative. The phrase ""rejected ABC afterschool special"" suggests",0,"The sentiment expressed in this sentence is negative. The phrase ""rejected ABC afterschool special"" suggests",0,"The sentiment in this statement is negative. The phrase ""rejected ABC afterschool special"" suggests that",0,"The sentiment of this statement is clearly negative. The phrase ""rejected ABC afterschool special"" suggests",0,"The sentence expresses a negative sentiment. The phrase ""rejected ABC afterschool special"" and the comparison"
0,0,"The sentiment in this sentence is negative. The phrase ""but more often just feels generic, derivative and",1,"The sentiment expressed in the given sentence is predominantly negative. The sentence acknowledges some positive aspects (""moments",0,"The sentiment in the given sentence is negative. The phrase ""but more often just feels generic, derivative",0,"The sentiment of the given statement can be classified as negative. The phrase ""moments of swaggering",1,"The given sentence contains both positive and negative sentiments, but it leans more towards the negative side. Here"
1,-1,"The sentiment in the sentence ""a romantic comedy enriched by a sharp eye for manners and mores""",-1,"The sentiment expressed in the sentence ""a romantic comedy enriched by a sharp eye for manners and mores",-1,"The sentiment expressed in the phrase ""a romantic comedy enriched by a sharp eye for manners and mores",-1,"The sentiment of the statement ""a romantic comedy enriched by a sharp eye for manners and mores""",1,"The sentence ""a romantic comedy enriched by a sharp eye for manners and mores"" expresses a positive"
1,1,"The sentiment in this sentence appears to be positive. The phrase ""refreshing departure"" suggests that the",1,"The sentiment expressed in the given sentence is positive. The phrase ""refreshing departure"" indicates a welcome",1,"The sentiment in this statement appears to be positive. The phrase ""refreshing departure"" suggests that the",-1,"To analyze the sentiment of this statement, let's break down its key components:

1. **""",-1,"The sentence you provided discusses the ""fly-on-the-wall"" documentary style and contrasts it with the more"
1,-1,"The sentiment in the sentence ""rare birds has more than enough charm to make it memorable"" is",-1,"The sentiment expressed in the sentence ""rare birds has more than enough charm to make it memorable""",1,"The sentiment of the given statement is positive. The phrase ""more than enough charm to make it memorable",1,"The sentiment of the statement ""Rare birds has more than enough charm to make it memorable"" is positive",1,"The sentence ""rare birds has more than enough charm to make it memorable"" expresses a positive sentiment"
0,0,"The sentiment in the sentence is negative. The phrase ""a bit disappointing"" and the comparison to something",0,"The sentiment expressed in the sentence is negative. The phrase ""bit disappointing"" and the comparison to something",0,"The sentiment in the given sentence is negative.

To elaborate, the phrase ""a bit disappointing"" immediately",-1,"The sentiment of the statement ""it's a bit disappointing that it only manages to be decent instead of",-1,"The sentence ""it's a bit disappointing that it only manages to be decent instead of dead brilliant"""
0,0,"The sentiment in the sentence ""it has all the excitement of eating oatmeal"" is negative. The",0,"The sentiment expressed in the sentence ""it has all the excitement of eating oatmeal"" is negative.",0,"The sentiment expressed in the phrase ""it has all the excitement of eating oatmeal"" is negative.",0,"The sentiment of the statement ""it has all the excitement of eating oatmeal"" is negative. The",0,"The sentence ""it has all the excitement of eating oatmeal"" is likely to be classified as negative"
1,1,"The sentiment in this sentence is predominantly positive. The words ""haunts,"" ""horrifies,""",1,"The sentiment expressed in the sentence is predominantly positive. The words ""haunts,"" ""horrifies",-1,"Based on the given sentence:

""it haunts, horrifies, startles and fascinates",1,"The sentiment of the given statement can be classified as **positive**. The phrase ""haunts,",1,"The given sentence expresses a strong sense of fascination and horror, which can be considered a mix of positive"
0,0,"The sentiment of this sentence is negative. The use of words like ""forced to endure,"" ""termin",0,"The sentiment expressed in this sentence is clearly negative. The use of words like ""forced to endure,""",0,"The sentiment of this statement is negative. The phrase ""forced to endure"" and the use of words",0,"The sentiment of this statement can be classified as negative. The use of words like ""forced to endure",0,"The sentence expresses a negative sentiment. The use of words like ""forced to endure,"" ""terminally"
1,1,"The sentiment in this sentence is positive. The words ""superbly acted"" and ""funny",1,"The sentiment expressed in the sentence is positive. The words ""superbly acted"" and ""fun",1,"The sentiment for this statement is positive. The words ""superbly acted"" and ""funny",1,The sentiment of the statement can be classified as positive. The key phrases that indicate a positive sentiment include,-1,"The sentence ""a superbly acted and funny/gritty fable of the humanizing of one woman"
0,0,"The sentiment in this sentence is negative. The phrase ""built-in silliness"" and the implication that",0,"The sentiment expressed in this sentence is negative. The use of words like ""silliness"" and",0,"The sentiment in this sentence is negative. The phrase ""built-in silliness"" and the overall tone",-1,"To analyze the sentiment of this statement, let's break it down:

- The phrase ""built-in",0,"The given sentence expresses a negative sentiment. The phrase ""built-in silliness"" and the implication that"
1,1,"The sentiment in this sentence appears to be positive. The phrase ""eye-opener"" suggests that the",1,"The sentiment expressed in the sentence is positive. The phrase ""eye-opener"" suggests that the experience",1,"The sentiment expressed in the given sentence is positive.

The phrase ""eye-opener"" suggests that the",1,"The sentiment of this statement can be classified as positive. The phrase ""eye-opener"" suggests that",1,"The sentence can be classified as positive. The phrase ""eye-opener"" suggests that the subject provides"
1,-1,"The sentiment of the sentence ""`` mostly martha '' is a bright, light modern day family par",1,"The sentiment expressed in the sentence is positive. The phrases ""bright"" and ""light"" suggest a",1,"Based on the given sentence, the sentiment appears to be positive. The key phrases that indicate this are",1,"The sentiment of the statement ""mostly martha"" is positive. The description uses words like ""bright",1,"The sentence can be classified as positive. The phrases ""bright"" and ""light modern day family par"
1,1,"The sentiment in the sentence ""i just loved every minute of this film"" is clearly positive.",1,"The sentiment expressed in the sentence ""i just loved every minute of this film"" is positive. The",1,"The sentiment expressed in the statement ""I just loved every minute of this film"" is positive.",1,"The sentiment of the statement ""I just loved every minute of this film."" is clearly positive. The",1,"The sentence ""i just loved every minute of this film"" expresses a positive sentiment. The word """
1,1,"The sentiment of the sentence ""a quiet, pure, elliptical film"" is generally positive. The",1,"The sentiment expressed in the sentence ""a quiet, pure, elliptical film"" can be considered positive",1,"The sentiment for the phrase ""a quiet, pure, elliptical film"" can be considered positive.",-1,"The statement ""a quiet, pure, elliptical film"" does not contain clear emotional indicators that would",1,"The given sentence ""a quiet, pure, elliptical film"" does not inherently express a positive or"
0,0,"The sentiment in this sentence is negative. The phrase ""disappointment"" clearly indicates a negative emotion,",0,"The sentiment expressed in this sentence is negative. The word ""disappointment"" clearly indicates a negative emotion",0,"The sentiment in this sentence is negative. The phrase ""disappointment"" clearly indicates a negative feeling,",0,"The sentiment of the given statement is negative. The phrase ""disappointment"" clearly indicates a negative feeling",0,"The sentence expresses a negative sentiment. It conveys disappointment and dissatisfaction, particularly for fans of the Bard"
1,1,"The sentiment in this sentence is positive. The words ""gritty"" and ""well-acted""",1,"The sentiment expressed in this sentence is positive. The use of words like ""simple,"" ""gritty",1,"The sentiment of the given statement is positive. The phrases ""simple, but gritty and well-acted",1,"The sentiment of the statement can be classified as positive. The key phrases that indicate this are ""simple",1,The sentence can be classified as positive. It describes the drama in a way that highlights its strengths and
0,0,"The sentiment of the sentence is negative. The phrase ""so mediocre"" and the expression ""can't",0,"The sentiment expressed in the sentence is negative. The use of words like ""mediocre"" and phrases",0,"The sentiment in this sentence is negative. The phrase ""so mediocre"" and ""can't get no",0,"The sentiment of the given statement is negative. It expresses disappointment and dissatisfaction with something, despite there being",0,"The sentence can be classified as negative. The phrase ""so mediocre"" indicates a lack of quality or"
0,0,"The sentiment in the sentence ""do not see this film"" is negative. The phrase expresses disapproval",0,"The sentiment expressed in the sentence ""do not see this film"" is negative. The statement indicates a",0,"The sentiment expressed in the phrase ""do not see this film"" is negative. The speaker advises against",0,"The sentiment of the statement ""do not see this film"" is negative. The statement expresses a recommendation",0,"The sentence ""do not see this film"" expresses a negative sentiment. It suggests that the speaker does"
1,-1,"The sentiment in the sentence ""Binoche makes it interesting trying to find out"" can be classified",-1,"The sentiment expressed in the sentence ""binoche makes it interesting trying to find out"" can be",1,"The sentiment in the phrase ""Binoche makes it interesting trying to find out"" is positive.",-1,"The sentiment of the statement ""Binoche makes it interesting trying to find out"" can be analyzed",1,"The sentence ""Binoche makes it interesting trying to find out"" expresses a positive sentiment. The"
1,1,"The sentiment in the sentence ""the most compelling wiseman epic of recent years"" is positive. The",1,"The sentiment expressed in the sentence ""the most compelling wiseman epic of recent years"" is positive.",1,"The sentiment expressed in the phrase ""the most compelling wiseman epic of recent years"" is positive.",1,"The sentiment of the statement ""the most compelling wiseman epic of recent years"" is generally positive.",1,"The sentence ""the most compelling wiseman epic of recent years"" is positive. The words ""comp"
0,0,"The sentiment of the sentence ""there's no emotional pulse to solaris"" appears to be negative.",0,"The sentiment expressed in the sentence ""there's no emotional pulse to Solaris"" is negative. The",0,"The sentiment expressed in the phrase ""there's no emotional pulse to Solaris"" is negative. The",0,"The sentiment of the statement ""there's no emotional pulse to Solaris"" can be classified as negative",0,"The sentence ""there's no emotional pulse to Solaris"" appears to express a negative sentiment. The"
0,0,"The sentiment in this sentence is clearly negative. The phrase ""many coming from the amazingly lifelike",0,The sentiment expressed in this sentence is clearly negative. The criticism of Tara Reid's acting skills as being,0,"The sentiment in this sentence is clearly negative. The phrase ""many coming from the amazingly lifelike",0,The sentiment of the given statement is clearly negative. The statement criticizes the acting performance of Tara Reid,0,"The sentence contains predominantly negative sentiment. The criticism of Tara Reid's acting skills as being ""comparable"
0,1,The sentiment in this sentence can be classified as negative. While there is a positive aspect mentioned (H,0,"The sentiment expressed in the sentence is mixed, leaning slightly negative. Here's the breakdown:

- """,0,The sentiment of the given sentence leans more towards negative. While Huppert's performance is described as,-1,"To analyze the sentiment of this statement, let's break it down:

1. ""Huppert",1,"The given sentence contains both positive and negative elements, but the overall tone leans more towards negative. Here"
0,0,"The sentiment in the given sentence is negative. The phrase ""totally formulaic"" implies that the",0,"The sentiment expressed in the sentence is negative. The phrase ""totally formulaic"" implies that the",0,"The sentiment in the given sentence is negative. The phrase ""totally formulaic"" suggests that the",0,"The sentiment of the given statement can be classified as negative. The phrase ""totally formulaic""",0,"The sentence can be classified as negative. The phrase ""totally formulaic"" implies that the movie"
1,1,"The sentiment in this sentence can be classified as negative. While there is a slight positive element (""to",0,"The sentiment expressed in this sentence is mixed but leans slightly negative. Here's the breakdown:

- """,0,"The sentiment in this sentence is mixed but leans slightly negative. The phrase ""morose and humorless",-1,"To analyze the sentiment of this statement, let's break it down:

1. ""on the heels",1,"The given sentence contains both positive and negative elements, but overall it leans more towards a negative sentiment."
0,0,"The sentiment in this sentence can be classified as slightly negative. The phrase ""yet there is something about",0,The sentiment expressed in this sentence can be considered mixed but leans more towards a slightly negative or unsatisf,0,"The sentiment expressed in the given sentence leans more towards negative. The phrase ""yet there is something about",0,"The sentiment of the statement can be classified as slightly negative. The phrase ""something about it that feels",0,"The given sentence expresses a nuanced sentiment that leans towards negative. While the phrase ""based on truth"""
0,0,"The sentiment in this sentence is mixed, leaning slightly negative. The person had high aspirations to attend Cannes",0,"The sentiment expressed in the sentence is mixed, leaning slightly negative. Here's the breakdown:

- """,0,"The sentiment in the given sentence is negative.

While the person had a dream to attend Cannes, their",-1,"To analyze the sentiment of the given statement, let's break it down:

1. ""I've",1,"The given sentence contains both positive and negative sentiments. 

- ""I've always dreamed of attending Cannes"
0,0,"The sentiment in the sentence ""a coarse and stupid gross-out"" is negative. The words ""co",0,"The sentiment expressed in the sentence ""a coarse and stupid gross-out"" is negative. The words """,0,"The sentiment of the phrase ""a coarse and stupid gross-out"" is negative. 

This phrase expresses",0,"The sentiment of the statement ""a coarse and stupid gross-out"" is negative. The words ""co",0,"The sentence ""a coarse and stupid gross-out"" expresses a negative sentiment. The words ""coarse"
0,0,"The sentiment in the sentence is negative. The phrase ""awful acting"" and ""lame special",0,"The sentiment expressed in the sentence is negative. The use of words like ""awful"" for acting",0,"The sentiment expressed in the given statement is negative. The phrase ""nothing scary here"" suggests that the",0,"The sentiment of the statement is negative. The phrase ""awful acting"" and ""lame special",0,"The given sentence expresses a negative sentiment. It describes ""awful acting"" and ""lame special"
0,0,The sentiment of the sentence is negative. The speaker expresses that their experiences in Reno have not inspired them,0,The sentiment expressed in the given sentence is negative. The sentence conveys a sense of indifference and lack,0,"The sentiment expressed in the given sentence is negative. The phrase ""nothing in waking up in Reno ever",0,The sentiment of the given statement is negative. The statement expresses a lack of inspiration or interest in Reno,0,The given sentence expresses a negative sentiment. The speaker is stating that nothing about waking up in Reno inspires
0,0,"The sentiment of the sentence is negative. The phrase ""mucking up"" implies that the storyline is",0,"The sentiment expressed in this sentence is negative. The phrase ""mucking up"" suggests that the franchise",0,"The sentiment in the given statement is negative. The phrase ""mucking up its storyline"" and the",0,"The sentiment of this statement is negative. The phrase ""mucking up"" implies poor quality or mess",0,"The sentence contains a negative sentiment. The phrase ""mucking up its storyline"" and the implication that"
1,1,"The sentiment in this sentence is positive. The words ""unassuming"" and ""pure of heart""",1,"The sentiment expressed in the sentence is positive. The use of words like ""unassuming,"" ""pure",1,"The sentiment in this sentence is positive. The phrase ""warmly extend your arms"" and ""y",1,"The sentiment of this statement can be interpreted as positive. The use of words like ""unassuming""",1,"The sentence expresses a positive sentiment. The words ""unassuming and pure of heart"" suggest qualities that"
0,0,"The sentiment in the sentence ""it treats women like idiots"" is negative. This statement expresses disapproval",0,"The sentiment expressed in the sentence ""it treats women like idiots"" is negative. The use of the",0,"The sentiment of the phrase ""it treats women like idiots"" is negative.",0,"The sentiment of the statement ""it treats women like idiots"" is negative. It expresses disapproval and",0,"The sentence ""it treats women like idiots"" expresses a negative sentiment. It conveys a disrespectful and"
0,0,"The sentiment of the given sentence is negative. The use of phrases like ""plot holes,"" ""so",0,"The sentiment expressed in this sentence is negative. The use of phrases like ""plot holes"" and comparing",0,"The sentiment expressed in this sentence is clearly negative. The comparison of plot holes to a ""marching",0,"The sentiment of this statement is clearly negative. The metaphor of ""plot holes so large and obvious""",0,"The sentence you provided expresses a negative sentiment. The use of phrases like ""plot holes,"" ""so"
0,-1,"The sentiment of the sentence ""but it's too long and too convoluted and it ends in",-1,"The sentiment expressed in the sentence ""but it's too long and too convoluted and it ends",0,"The sentiment expressed in the given sentence is negative. The phrases ""too long,"" ""too convol",-1,"The sentiment of the statement ""it's too long and too convoluted and it ends in a",-1,"The sentence ""but it's too long and too convoluted and it ends in a muddle"
1,1,"The sentiment of the given sentence is positive. The phrase ""one of the best films of the year",1,"The sentiment expressed in the given sentence is positive. The phrase ""one of the best films of the",1,"The sentiment expressed in this statement is positive. The phrase ""one of the best films of the year",1,"The sentiment of the statement is clearly positive. The phrases ""one of the best films of the year",1,"This sentence expresses a positive sentiment. The key phrases that indicate this are ""one of the best films"
1,1,"The sentiment in this sentence is mixed but leans slightly positive. The phrase ""although German cooking does not",1,"The sentiment in this sentence can be interpreted as slightly positive. The phrase ""mostly martha could make",1,The sentiment in this statement leans positive. Despite the initial comparison suggesting German cuisine may not be top of,-1,"To analyze the sentiment of this statement, let's break down its components:

1. **""although",-1,"To classify this sentence, let's break it down:

- The first part of the sentence, """
0,-1,"The sentiment in the sentence ""if the first men in black was money, the second is small change",-1,"To analyze the sentiment of the given sentence, we need to consider the comparison made between ""the first",-1,"The sentiment expressed in the phrase ""if the first Men in Black was money, the second is small",-1,"The sentiment of the statement ""if the first men in black was money, the second is small change",-1,"The given sentence ""if the first men in black was money, the second is small change"" does"
0,0,"The sentiment in this sentence is negative. The phrase ""pure junk"" clearly indicates a negative opinion about",0,"The sentiment expressed in the sentence is negative. The phrase ""pure junk"" indicates a strong disapproval",0,"The sentiment of the given sentence is negative. The phrase ""pure junk"" clearly indicates a strong negative",-1,"The sentiment of the statement ""don't be fooled by the impressive cast list - eye see you is",-1,"The sentence ""don't be fooled by the impressive cast list - eye see you is pure junk"""
1,1,The sentiment in this sentence is mixed but leans slightly positive. The speaker is comparing a movie to others,1,"The sentiment expressed in this sentence is mixed but leans more towards positive. The comparison to ""Divine",1,"Based on the sentiment expressed in the given statement, it appears to be mixed but leaning positive. The",1,"The sentiment of this statement can be classified as mixed but leaning towards positive.

Let's break down the",1,"The given sentence contains both positive and negative elements, but overall it leans more towards a positive sentiment."
0,-1,"The sentiment in the sentence ""Scorsese doesn't give us a character worth giving a damn about",-1,"The sentiment expressed in the sentence ""Scorsese doesn't give us a character worth giving a damn",0,"The sentiment in the given statement is negative. The phrase ""doesn't give us a character worth giving",-1,"The sentiment of the statement ""Scorsese doesn't give us a character worth giving a damn about",-1,"The sentence ""Scorsese doesn't give us a character worth giving a damn about"" expresses a"
1,1,"The sentiment in this sentence is positive. The phrase ""tailored an epic tale into a lean,",1,"The sentiment expressed in the sentence is positive. The phrase ""epic tale"" indicates a significant and",1,"The sentiment in the given sentence is positive. The phrase ""tailored an epic tale into a lean",1,"The sentiment of the statement is positive. The phrase ""tailored an epic tale into a lean,",1,"The sentence can be classified as positive. The phrase ""epic tale"" indicates admiration and appreciation for"
0,0,"The sentiment of the sentence is negative. The phrase ""jerking the audience's chain"" implies manipulation",0,"The sentiment expressed in the sentence is negative. The phrase ""jerking the audience's chain"" implies",0,"The sentiment of the given sentence is negative. The phrase ""jerking the audience's chain"" suggests",-1,"The sentiment of the statement ""the plot convolutions ultimately add up to nothing more than jerking the",-1,"The sentence ""the plot convolutions ultimately add up to nothing more than jerking the audience's chain"
1,1,"The sentiment in this sentence can be classified as positive. The use of words like ""wonderfully",1,"The sentiment expressed in the sentence is positive. The use of words like ""wonderfully fresh""",1,"The sentiment of the given sentence is positive.

Key phrases indicating this sentiment include:
- ""wonder",1,"The sentiment of the statement can be classified as positive. The use of words like ""wonderfully",1,"This sentence contains positive elements. The words ""wonderfully fresh,"" ""human kindness,"" and """
0,0,"The sentiment in this sentence is negative. The phrase ""does little more than"" suggests minimal achievement or",-1,"The sentiment expressed in the sentence ""does little more than play an innocuous game of fill-in-the",0,"The sentiment in this sentence is negative. The phrase ""plays an innocuous game"" suggests a lack",-1,"The sentiment of the statement ""does little more than play an innocuous game of fill-in-the-bl",-1,"The sentence ""does little more than play an innocuous game of fill-in-the-blanks with a"
1,1,"The sentiment of this sentence appears to be positive. The key indicators are:

- ""crack ensemble",1,"The sentiment expressed in this sentence appears to be positive. The key indicators of this are:

1.",1,"The sentiment of the given sentence appears to be positive. Key indicators include phrases like ""crack ensemble",-1,"To analyze the sentiment of this statement, let's break it down:

1. ""feature debuter",1,"The given sentence is expressing a positive sentiment. It highlights several positive elements such as ""crack ensemble"
0,0,The sentiment expressed in the sentence is negative. The criticism directed towards the story's lack of innovation and,0,The sentiment expressed in the given sentence is negative. The sentence criticizes the film for not bringing anything,0,The sentiment of the given statement is negative. The reviewer is criticizing the film for not bringing anything new,0,The sentiment of the given statement is negative. The statement criticizes the film for not bringing anything new,0,"The given sentence expresses a negative sentiment. The phrase ""does nothing new"" indicates a lack of innovation"
1,1,"The sentiment in the sentence is positive. The words ""energetic surprises"" and ""pleases almost",1,"The sentiment expressed in the sentence is positive. The words ""energetic surprises"" and ""pleases",1,"Based on the given sentence, the sentiment appears to be positive. The phrases ""energetic surprise""",1,"The sentiment of the statement can be classified as positive. The words ""energetic surprises"" and """,1,"The given sentence can be classified as positive. It describes something as ""energetic,"" ""surprises"
1,1,"The sentiment in this sentence appears to be positive. The phrase ""precise and moving"" indicates that",1,"The sentiment expressed in this sentence is positive. The key indicators are the words ""precise"" and",1,"The sentiment of the given sentence appears to be positive. The phrase ""precise and moving portrait""",1,The sentiment of the given statement can be classified as positive. The key elements that contribute to this classification,-1,"To classify the sentiment of this sentence, we need to consider the words and phrases used:

- """
0,0,"The sentiment in this sentence is negative. The phrase ""passable entertainment"" suggests that the movie is",0,"The sentiment expressed in the given sentence is negative. The key phrases that indicate this sentiment are ""pass",0,"The sentiment in this sentence is negative. The phrase ""passable entertainment"" suggests that while the movie",0,"The sentiment of this statement can be classified as negative. The key phrases that indicate this are:

-",0,"The sentence can be classified as having a negative sentiment. The phrase ""passable entertainment"" suggests that"
0,-1,"The sentiment in the sentence ""the film's tone and pacing are off almost from the get-go""",-1,"The sentiment expressed in the sentence ""the film's tone and pacing are off almost from the get-go",-1,"The sentiment expressed in the statement ""the film's tone and pacing are off almost from the get-go",-1,"The sentiment of the statement ""the film's tone and pacing are off almost from the get-go""",0,"The sentence ""the film's tone and pacing are off almost from the get-go"" expresses a negative"
1,1,"The sentiment in the sentence ""lovely and poignant"" is predominantly positive. 

""Lovely""",1,"The sentiment expressed in the sentence ""lovely and poignant"" is generally positive. 

""Lovely",1,"The sentiment of the phrase ""lovely and poignant"" is positive. 

""Lovely"" means",1,"The statement ""lovely and poignant"" expresses a positive sentiment. 

- ""Lovable"" (",1,"The sentence ""lovely and poignant"" expresses a positive sentiment. The words ""lovely"" and"
0,-1,"The sentiment of the sentence ""a broad, melodramatic estrogen opera that's pretty toxic in its",0,"The sentiment expressed in the sentence is negative. The use of words like ""broad,"" ""mel",0,"The sentiment of the given sentence is negative. The words ""broad,"" ""melodramatic",0,"The sentiment of the statement can be classified as negative. The use of words like ""broad,""",-1,"The sentence ""a broad, melodramatic estrogen opera that's pretty toxic in its own right"""
0,0,The sentiment in this sentence can be classified as mixed or slightly negative. While it acknowledges that the director,0,"The sentiment expressed in the given sentence can be considered mixed, leaning slightly negative. Here's a breakdown",0,"The sentiment in this sentence is negative. Although it acknowledges that the director ""puts some lovely pictures up",0,"The sentiment of the given statement can be classified as slightly negative.

To break down the statement:
-",1,"The given sentence contains both positive and negative sentiments, but it leans more towards a negative overall assessment."
0,0,"The sentiment in the given sentence is negative. The phrase ""sad sitcom of a movie"" and the",0,"The sentiment expressed in the given sentence is negative. The phrases ""sad sitcom,"" ""largely devoid",0,"Based on the given sentence, the sentiment is negative. The phrases ""very little genuine romance,"" """,0,"The sentiment of the given statement is negative. It describes the movie as ""sad,"" a ""sit",0,"The given sentence expresses a negative sentiment. The phrases ""sad sitcom,"" ""largely devoid of charm"
1,1,"The sentiment in this sentence can be classified as positive. The phrase ""packed with information and impressions""",1,"The sentiment expressed in the sentence can be considered positive. The phrase ""packed with information and impressions""",1,"The sentiment in this sentence is positive. Despite the short duration of the film being mentioned, the phrase",-1,"The sentiment of the statement ""though only 60 minutes long, the film is packed with information",1,The sentence can be classified as positive. Despite mentioning that the film is only 60 minutes long
0,0,"The sentiment in the sentence ""just not campy enough"" is slightly negative. The phrase suggests that",0,"The sentiment expressed in the sentence ""just not campy enough"" leans towards a slightly negative sentiment.",0,"The sentiment in the phrase ""just not campy enough"" is negative. The word ""not""",0,"The statement ""just not campy enough"" has a slightly negative sentiment. It suggests that something is",-1,"The sentence ""just not campy enough"" is somewhat ambiguous and could be interpreted in different ways."
0,0,"The sentiment in this sentence appears to be negative. The phrases ""seduction,"" ""backstabbing",0,"The sentiment expressed in the given sentence is negative. The sentence describes themes of seduction, backstab",0,"The sentiment in the given statement appears to be negative. The phrases ""seduction,"" ""backstab",0,"The sentiment of this statement can be classified as negative. The language used suggests themes of manipulation, betrayal",0,"The sentence you provided contains several elements that suggest a negative sentiment:

- ""seduction"" can often"
0,0,"The sentiment in this sentence is negative. The phrase ""worse than expected"" indicates disappointment and dissatisfaction",0,"The sentiment expressed in this sentence is negative. The phrase ""worse than expected"" indicates disappointment or",0,"The sentiment expressed in the given sentence is negative. The phrase ""worse than expected"" indicates disappointment",-1,"To analyze the sentiment of this statement, let's break it down:

1. ""it takes a",1,"The given sentence contains both positive and negative sentiments, but overall it leans towards a negative one. The"
0,0,"The sentiment of the sentence is negative. The phrase ""even on the level that one enjoys a bad",0,"The sentiment expressed in the sentence is negative. The phrase ""even on the level that one enjoys a",0,"The sentiment expressed in the given sentence is negative. The phrase ""can not be enjoyed"" and describing",0,"The sentiment of the statement is negative. The phrase ""even on the level that one enjoys a bad",0,"The sentence can be classified as negative. The phrase ""dull"" and the comparison to enjoying a"
0,0,"The sentiment in the given sentence is negative. The phrase ""clunker"" and the description of the",0,"The sentiment expressed in the given sentence is negative. The use of words like ""clunker"" and",0,"The sentiment in the given sentence is negative. The phrase ""clunker"" and the overall tone suggesting",0,"The sentiment of the given statement is clearly negative. The phrase ""clunker"" is used in a",0,"The given sentence expresses a negative sentiment. The phrase ""clunker"" suggests poor quality, and the"
0,0,"The sentiment in the sentence ""it's just filler"" is generally considered negative. The word ""just",0,"The sentiment expressed in the sentence ""it's just filler"" can be considered negative. The term """,0,"The sentiment of the phrase ""it's just filler"" is negative. The word ""just"" implies",0,"The sentiment of the statement ""it's just filler"" is generally negative. The term ""filler",0,"The sentence ""it's just filler"" expresses a negative sentiment. The term ""filler"" is"
0,0,"The sentiment in this sentence appears to be negative. The phrase ""hamfisted"" suggests clumsiness",0,"The sentiment expressed in this sentence is negative. The use of words like ""hamfisted"" (",0,"The sentiment in this sentence is negative. The use of words like ""hamfisted"" and """,0,"The sentiment of the statement can be classified as negative. The use of words like ""hamfisted",0,"The given sentence expresses a negative sentiment. The use of words like ""hamfisted"" and """
0,0,"The sentiment in this sentence can be classified as negative. The phrase ""undercut by amateurish execution",0,The sentiment expressed in the sentence is negative. The sentence criticizes the picture for having a potentially good,0,"The sentiment in the given sentence is negative.

To break it down:
- ""Promising"" suggests",-1,"The sentiment of the statement ""one of those pictures whose promising, if rather precious, premise is undercut",1,"The sentence contains both positive and negative elements, but overall it leans towards a negative sentiment. The phrase"
0,0,The sentiment expressed in this sentence is negative. The comparison to the original suggests disappointment with the current version,0,The sentiment expressed in the sentence is negative. The sentence compares the current version unfavorably to the original,0,The sentiment expressed in this statement is negative. The phrase indicates that various aspects of the subject (likely,0,The sentiment of the given statement can be classified as negative. The statement expresses disappointment with several aspects of,0,"The given sentence expresses a negative sentiment. The use of words like ""not as"" and phrases such"
0,0,"The sentiment of the sentence is negative. The phrase ""scant reason to care"" and the description",0,"The sentiment expressed in the sentence is negative. The key phrases that indicate this are ""scant reason",0,"The sentiment expressed in the given sentence is negative. The use of words like ""scant reason to",0,The sentiment of the statement is negative. It criticizes both the director Uwe Boll and the,0,The sentence can be classified as negative. It expresses a unfavorable opinion towards the director Uwe Boll
1,1,The sentiment in this sentence appears to be positive. The sentence highlights the uniqueness of the story and suggests,1,The sentiment expressed in the given sentence is positive. The sentence highlights the uniqueness of the story being discussed,1,"Positive

The sentiment expressed in the given sentence is positive. The speaker is praising a story for being",-1,"To analyze the sentiment of this statement, let's break it down:

1. ""a story we",1,"The given sentence expresses a positive sentiment. It highlights the novelty of the story (""a story we haven"
1,1,"The sentiment in this sentence appears to be positive. The phrase ""you absolutely can't miss it""",1,"The sentiment expressed in the sentence appears to be positive. The phrase ""you absolutely can't miss it",1,"The sentiment in the given sentence is positive.

The phrase ""you absolutely can't miss it"" indicates",-1,"To analyze the sentiment of the given statement, let's break it down:

- ""if your taste",-1,"To classify the sentiment of the sentence ""if your taste runs to ` difficult ' films you absolutely ca"
0,0,"The sentiment in this sentence is negative. The phrase ""something of an impostor"" suggests that the",0,"The sentiment expressed in the sentence is negative. The use of words like ""impostor,"" """,0,"The sentiment expressed in this sentence is negative. The use of words like ""impostor,"" """,0,"The sentiment of the statement can be classified as negative. The phrase ""impostor"" and the",0,"The sentence you provided contains predominantly negative sentiment. Phrases like ""impostor,"" ""stretching"
0,0,"The sentiment of the sentence ""i got a headache watching this meaningless downer"" is negative. The",0,"The sentiment expressed in the sentence ""i got a headache watching this meaningless downer"" is negative.",0,"The sentiment of the given statement is negative. The phrase ""meaningless downer"" indicates a lack",0,"The sentiment of the statement ""i got a headache watching this meaningless downer"" is negative. The",0,"The sentence ""i got a headache watching this meaningless downer"" expresses a negative sentiment. The use"
0,0,"The sentiment in this sentence is negative. The phrase ""barely enough"" and ""not quite enough",0,The sentiment expressed in the given sentence is negative. The sentence criticizes Zaidan's script for,0,"The sentiment in the given sentence is negative. The phrase ""barely enough"" suggests that the elements",0,"The sentiment of the statement is negative. The phrases ""barely enough"" and ""not quite enough",0,"The given sentence expresses a negative sentiment. The phrases ""barely enough"" and ""not quite enough"
1,1,"The sentiment in this sentence is positive. The words ""terrific,"" ""bewilderingly underrated",1,"The sentiment expressed in the sentence is positive. The words ""terrific,"" ""bewilderingly",1,"Based on the sentiment expressed in the given sentence, the answer is:

Positive

The phrase ""terr",1,"The sentiment of this statement is clearly positive. The key phrases that indicate a positive sentiment include ""terr",1,"The sentence can be classified as positive. The key words and phrases that indicate a positive sentiment include """
1,1,"The sentiment in this sentence is positive. The phrase ""develops into a significant character study that is",1,"The sentiment expressed in the given sentence is positive. The sentence describes the film as developing into a """,1,"The sentiment for this review is positive.

Key indicators of the positive sentiment include:
- ""develops",1,The sentiment of the given statement can be classified as positive. The statement highlights several positive aspects of the,1,"The given sentence expresses a positive sentiment. It describes the film positively, praising its development into a """
0,0,"The sentiment in this sentence is mixed, but leaning more towards negative. The sentence praises some aspects like",0,The sentiment expressed in this sentence can be interpreted as mixed but leaning slightly towards negative. Let's break,0,"The sentiment of this statement appears to be negative. The phrase ""we've been here, done that",0,"The sentiment of the statement can be classified as negative.

Let's break down the statement:

1.",1,"The given sentence contains both positive and negative elements, but the overall tone leans more towards a negative sentiment"
0,0,"The sentiment in this sentence appears to be mixed, leaning slightly negative. The phrase ""strictly sitcom",0,"The sentiment expressed in the sentence can be considered mixed, leaning slightly negative. Here's why:

-",0,"The sentiment expressed in the given sentence is negative. The phrase ""strictly sitcom"" suggests that the",0,"The sentiment of this statement can be classified as negative. The phrase ""but his portrait of sex-as",1,"The given sentence contains both positive and negative elements. 

- ""the director knows how to apply text"
0,0,"The sentiment in this sentence is mixed, leaning slightly negative. The phrase ""visually rather stunning""",1,"The sentiment expressed in this sentence has mixed elements of both positive and negative sentiments, but leans more towards",0,"The sentiment expressed in this statement is negative. The phrase ""handsome-looking bore"" indicates that while",0,"The sentiment of this statement can be classified as mixed, leaning slightly negative. Let's break down the",1,"The given sentence contains both positive and negative elements, but overall, it leans more towards a negative sentiment"
0,0,"The sentiment in this sentence is negative. The words ""nonsensical,"" ""dull,""",0,"The sentiment expressed in the given sentence is negative. The words ""nonsensical,"" ""d",0,"The sentiment expressed in the given sentence is negative. The words ""nonsensical,"" ""d",0,"The sentiment of the statement is clearly negative. Key phrases indicating this sentiment include ""nonsensical",0,"The sentence can be classified as negative. The use of words like ""nonsensical,"" """
0,0,"The sentiment in the sentence ""big fat waste of time"" is negative.",0,"The sentiment expressed in the sentence ""big fat waste of time"" is negative.",0,"The sentiment expressed in the phrase ""big fat waste of time"" is negative.",0,"The sentiment of the statement ""big fat waste of time"" is negative. It expresses dissatisfaction and dis",0,"The sentence ""big fat waste of time"" expresses a negative sentiment."
0,0,"The sentiment of the sentence is negative. The phrase ""jump ship"" suggests giving up or leaving something",0,"The sentiment expressed in the given sentence is negative. The use of words and phrases such as ""tempt",0,"The sentiment of the given sentence is negative. The phrase ""jump ship"" suggests leaving something or giving",-1,"To analyze the sentiment of the given statement, let's break it down:

1. ""professionally",1,"The sentence contains both positive and negative elements, but the overall tone leans more towards negative. Here's"
0,0,"The sentence ""fancy a real downer?"" has a negative sentiment. The use of the word",0,"The sentiment expressed in the sentence ""fancy a real downer?"" is negative. The phrase """,0,"The phrase ""fancy a real downer?"" suggests a negative sentiment. It implies that the speaker",0,"The statement ""fancy a real downer?"" expresses a negative sentiment. The term ""downer",0,"The sentence ""fancy a real downer?"" can be classified as having a negative sentiment. The"
1,1,"The sentiment in the sentence ""instead, he shows them the respect they are due"" is positive.",1,"The sentiment expressed in the sentence ""instead, he shows them the respect they are due"" is positive",1,"The sentiment of the sentence ""instead, he shows them the respect they are due"" is positive.",-1,"The sentiment of the statement ""instead, he shows them the respect they are due"" can be classified",1,"The sentence ""instead, he shows them the respect they are due"" expresses a positive sentiment. It"
1,1,"The sentiment of the sentence is positive. The phrase ""remarkable gift for storytelling"" and describing the",1,"The sentiment expressed in the sentence is positive. The key phrases that indicate this are ""remarkable gift",1,"Positive

This sentence expresses a positive sentiment towards the first-time writer-director Serry and their film",1,"The sentiment of the statement is positive. The key indicators are:

- ""remarkable gift for storytelling",1,"The sentence can be classified as positive. The key phrases that indicate a positive sentiment are ""remarkable"
0,0,"The sentiment in this sentence appears to be negative. The phrase ""selling his film short"" suggests that",0,"The sentiment expressed in the given sentence appears to be negative. The phrase ""selling his film short""",0,"The sentiment in the given sentence appears to be negative. The phrase ""selling his film short"" suggests",-1,"To analyze the sentiment of this statement, let's break it down:

- ""Vera's technical",1,"The sentence contains mixed sentiments and nuances rather than a clear positive or negative overall tone. However, we"
1,1,"The sentiment in this sentence appears to be positive. The phrase ""puts a human face on"" suggests",-1,"The sentiment expressed in the sentence ""puts a human face on a land most westerners are unfamiliar with",-1,"The sentiment expressed in the phrase ""puts a human face on a land most westerners are unfamiliar with",-1,"The sentiment of the statement ""puts a human face on a land most westerners are unfamiliar with""",1,"The sentence ""puts a human face on a land most westerners are unfamiliar with"" expresses a positive"
0,0,"The sentiment in the sentence ""makes for a pretty unpleasant viewing experience"" is negative.",0,"The sentiment expressed in the sentence ""makes for a pretty unpleasant viewing experience"" is negative.",0,"The sentiment of the given statement ""makes for a pretty unpleasant viewing experience"" is negative.",0,"The sentiment of the statement ""makes for a pretty unpleasant viewing experience"" is negative. 

Classification:",0,"The sentence ""makes for a pretty unpleasant viewing experience"" expresses a negative sentiment. The word ""un"
1,1,"The sentiment in the sentence ""ahhhh... revenge is sweet!"" can be classified as positive. The",1,"The sentiment expressed in the sentence ""ahhhh... revenge is sweet!"" is generally positive. The use",1,"The sentiment of the phrase ""ahhhh... revenge is sweet!"" appears to be positive. The use",1,"The sentiment of the statement ""ahhhh... revenge is sweet!"" can be classified as positive. The",1,"The sentence ""ahhhh... revenge is sweet!"" expresses a positive sentiment. The use of the ex"
1,1,"The sentiment in this sentence appears to be mixed, leaning slightly positive. The phrase ""have at last",1,"The sentiment expressed in this sentence can be interpreted as mixed but leaning towards positive.

Let's break it",1,"The sentiment in this statement leans positive. The phrase ""have at last found a worthy follow-up""",-1,"To analyze the sentiment of this statement, let's break it down:

1. ""Highbrow",-1,"To classify this sentence, we need to identify the sentiments expressed towards different groups and concepts within it.

"
1,1,"The sentiment in this sentence appears to be positive. The phrase ""frighteningly capable debut""",1,"The sentiment expressed in this sentence is positive. The phrase ""frighteningly capable debut"" indicates",1,"The sentiment in this sentence is positive. The phrase ""frighteningly capable debut and genre piece",-1,"To analyze the sentiment of this statement, let's break it down:

1. ""nine queens""",1,"The given sentence contains both positive and negative elements, but it leans more towards the positive side. Here"
0,-1,"The sentiment in the sentence ""like you could n't smell this turkey rotting from miles away""",-1,"The sentiment expressed in the sentence ""like you could n't smell this turkey rotting from miles away",-1,"The sentiment of the given sentence ""like you could n't smell this turkey rotting from miles away",-1,"The sentiment of the statement ""like you could't smell this turkey rotting from miles away"" is",0,"The sentence ""like you could n't smell this turkey rotting from miles away"" expresses a negative"
1,1,"The sentiment in the sentence ""the performances take the movie to a higher level"" is positive. The",1,"The sentiment expressed in the sentence ""the performances take the movie to a higher level"" is positive.",1,"Based on the given sentence, the sentiment appears to be positive. The phrase ""take the movie to",1,"The sentiment of the statement ""the performances take the movie to a higher level"" is positive. This",1,"The sentence ""the performances take the movie to a higher level"" expresses a positive sentiment. It suggests"
0,0,"The sentiment in this sentence is negative. The phrase ""so enamored of her own creation"" suggests",0,"The sentiment expressed in the sentence is negative. The phrase ""is so enamored of her own creation",0,"The sentiment in this sentence is negative. The phrase ""so enamored of her own creation"" suggests",0,"The sentiment of this statement can be classified as negative. The phrase ""so enamored of her own",0,"The sentence can be classified as negative. The phrase ""is so enamored of her own creation"""
1,1,"The sentiment in this sentence is positive. The phrase ""melds it with a story that could touch",1,"The sentiment expressed in this sentence is positive. The phrase ""takes the beauty of baseball"" suggests appreciation",1,"The sentiment expressed in this statement is positive. The phrase ""takes the beauty of baseball and melds",1,"The sentiment of this statement can be classified as positive. The phrase ""takes the beauty of baseball""",1,This sentence expresses a positive sentiment. It highlights the beauty of baseball and suggests that the story has universal
1,-1,"The sentiment of the sentence ""against all odds in heaven and hell, it creeped me out just",-1,"To analyze the sentiment of the given sentence, let's break it down:

- ""Against all odds",0,"The sentiment of the given sentence is negative.

While the phrase ""against all odds"" suggests an unexpected",-1,"To analyze the sentiment of the statement ""against all odds in heaven and hell, it creeped me",-1,"The sentence ""against all odds in heaven and hell, it creeped me out just fine"" contains"
0,0,"The sentiment of the sentence is negative. The phrase ""little of the nervy originality"" and",0,"The sentiment expressed in this sentence is negative. The phrase ""little of the nervy originality""",0,"The sentiment expressed in this sentence is negative. The phrase ""little of the nervy originality""",0,"The sentiment of this statement can be classified as negative. The phrase ""little of the nervy original",0,"The given sentence expresses a negative sentiment. The phrase ""little of the nervy originality"" and"
1,1,The sentiment of the sentence can be classified as positive. The sentence acknowledges that there is one good idea,1,"The sentiment expressed in the sentence can be considered as predominantly positive. The sentence acknowledges that there is """,1,"The sentiment of the given sentence is positive.

This can be inferred from phrases like ""there's really",1,The sentiment of the given statement can be classified as positive. The statement acknowledges that there is a strong,1,"The given sentence contains both positive and negative elements, but overall, it leans more towards a positive sentiment"
0,0,"The sentiment in this sentence is negative. The use of words like ""so-inept,"" """,0,"The sentiment expressed in this sentence is negative. The use of words like ""so-inept,""",0,"The sentiment in this statement is negative. The phrase ""so-inept"" and ""cheesy",0,"The sentiment of this statement is clearly negative. The phrase ""so-inept"" and the description",0,"The given sentence contains mixed sentiments, but overall it leans more towards a negative sentiment. The use of"
0,0,"The sentiment in this sentence is negative. The phrase ""just another winter sleepers"" suggests that the",0,"The sentiment expressed in the sentence is negative. The phrase ""just another winter sleepers"" is used",0,"The sentiment in this statement appears to be negative. The phrase ""just another winter sleepers"" suggests",-1,"To analyze the sentiment of this statement, let's break it down:

- ""without non-stop techno",-1,"The given sentence ""without non-stop techno or the existential overtones of a Kieslowski morality"
0,-1,"The sentiment of the sentence ""an unclassifiably awful study in self-and audience-abuse""",-1,"The sentiment expressed in the sentence ""an unclassifiably awful study in self-and audience-abuse",-1,"The sentiment of the phrase ""an unclassifiably awful study in self-and audience-abuse""",-1,"The sentiment of the statement ""an unclassifiably awful study in self-and audience-abuse""",0,"The sentence ""an unclassifiably awful study in self-and audience-abuse"" expresses a negative"
0,0,The sentiment in this sentence is negative. The comparison suggests that watching the movie feels like being subjected to,0,"The sentiment expressed in the given sentence is negative. The comparison to ""going to a dinner party and",0,The sentiment expressed in this sentence is negative. The comparison to attending a dinner party where one is forced,0,The sentiment of this statement is clearly negative. The comparison draws a negative parallel between watching a movie (,0,The given sentence expresses a negative sentiment. It describes a moviegoing experience that is compared unfavorably to
1,1,"The sentiment in this sentence is positive. The phrase ""striking skill and depth"" indicates appreciation and",1,"The sentiment expressed in the sentence is positive. The phrase ""striking skill and depth"" indicates a",1,"The sentiment in the given sentence is positive. The phrase ""striking skill and depth"" indicates a",-1,"The sentiment of the statement ""Kinnear doesn't aim for our sympathy, but rather delivers a",1,"The sentence can be classified as positive. The phrase ""striking skill and depth"" indicates a highly"
1,1,"The sentiment of the sentence is positive. The phrase ""capture so perfectly"" indicates that the film successfully",1,The sentiment expressed in the sentence is positive. The sentence praises films that successfully capture the essence of both,1,"Positive

The sentence expresses admiration for films that successfully capture the essence of both young boys playing baseball and",1,The sentiment of this statement is positive. It praises films that effectively capture the essence of both young boys,1,This sentence expresses a positive sentiment. It praises films that effectively capture the emotions and experiences of both young
1,-1,"The sentiment in the sentence ""it is amusing, and that's all it needs to be"" can",-1,"The sentiment expressed in the sentence ""it is amusing, and that's all it needs to be""",-1,"The sentiment in the given statement ""it is amusing, and that's all it needs to be""",-1,"The sentiment of the statement ""it is amusing, and that's all it needs to be"" can",1,"The sentence ""it is amusing, and that's all it needs to be"" expresses a positive sentiment"
1,-1,"The sentiment in the sentence ""challenging, intermittently engrossing and unflaggingly",-1,"The sentiment expressed in the sentence ""challenging, intermittently engrossing and unflagging",-1,"Based on the given phrase ""challenging, intermittently engrossing and unflaggingly",-1,"The sentiment of the statement ""challenging, intermittently engrossing and unflaggingly",-1,"The given sentence ""challenging, intermittently engrossing and unflaggingly creative"""
1,1,"The sentiment in the sentence is positive. The phrases ""glides through,"" ""solid performances,"" and",-1,"The sentiment expressed in the sentence ""for the most part stevens glides through on some solid performances",1,"The sentiment for the given statement is positive. The phrase ""glides through"" suggests a smooth and",-1,"The sentiment of the statement ""for the most part stevens glides through on some solid performances and",-1,"The sentence ""for the most part stevens glides through on some solid performances and witty dialogue"""
1,-1,"The sentiment in the sentence ""this flick is about as cool and crowd-pleasing as a documentary",0,"The sentiment expressed in the sentence is negative. The use of words like ""flick"" (likely",0,"The sentiment of the given statement is negative. The phrase ""as cool and crowd-pleasing as",-1,"The sentiment of the statement ""this flick is about as cool and crowd-pleasing as a documentary",-1,"The sentence ""this flick is about as cool and crowd-pleasing as a documentary can get"""
0,0,"The sentiment of the sentence ""nervous breakdowns are not entertaining"" is negative. The statement",0,"The sentiment expressed in the sentence ""nervous breakdowns are not entertaining"" is negative. The",0,"The sentiment of the phrase ""nervous breakdowns are not entertaining"" is negative. The statement",0,"The sentiment of the statement ""nervous breakdowns are not entertaining"" can be classified as negative",0,"The sentence ""nervous breakdowns are not entertaining"" expresses a negative sentiment. It suggests that"
1,1,"The sentiment in this sentence appears to be positive. The phrases ""tons of charm"" and ""int",1,"The sentiment expressed in this sentence is positive. The use of words like ""tons of charm"" and",1,"Based on the provided sentence, the sentiment appears to be positive. The phrases ""tons of charm""",-1,"To analyze the sentiment of this statement, let's break down its components:

1. ""writer-direct",1,"The given sentence expresses a positive sentiment. The use of words like ""charm"" and phrases such as"
0,0,"The given sentence contains multiple descriptors that suggest a negative sentiment:

- ""excessive"" implies overab",0,"The sentiment expressed in the given sentence is negative. The words ""excessive,"" ""profane,""",0,"Based on the given description, the sentiment appears to be negative. The words ""excessive,"" """,-1,"The sentiment of the statement ""excessive, profane, packed with cartoonish violence and comic-strip",-1,"The given sentence ""excessive, profane, packed with cartoonish violence and comic-strip characters"""
1,1,"The sentiment in the sentence is positive. The phrase ""taut psychological thriller"" suggests a well-paced",1,"The sentiment expressed in the sentence is positive. The phrase ""taut psychological thriller"" indicates a well",1,"The sentiment for the given sentence is positive.

The phrase ""doesn't waste a moment"" suggests that",-1,"The sentiment of the statement ""a taut psychological thriller that doesn't waste a moment of its two",-1,"The sentence ""a taut psychological thriller that doesn't waste a moment of its two-hour running time"
0,-1,"The sentiment in the sentence ""burns never really harnesses to full effect the energetic cast"" can",-1,"The sentiment expressed in the sentence ""burns never really harnesses to full effect the energetic cast""",-1,"The sentiment in the given sentence ""burns never really harnesses to full effect the energetic cast""",-1,"The sentiment of the statement ""burns never really harnesses to full effect the energetic cast"" can",0,"The sentence ""burns never really harnesses to full effect the energetic cast"" expresses a negative sentiment"
0,0,"The sentiment in the sentence ""just embarrassment and a vague sense of shame"" is negative.",0,"The sentiment expressed in the sentence ""just embarrassment and a vague sense of shame"" is negative. Both",0,"The sentiment in the phrase ""just embarrassment and a vague sense of shame"" is negative. 

Em",0,"The sentiment of the statement ""just embarrassment and a vague sense of shame"" is negative. The words",0,"The sentence ""just embarrassment and a vague sense of shame"" expresses a negative sentiment. The words """
1,-1,"The sentiment in the sentence ""still, as a visual treat, the film is almost unsurpassed""",-1,"The sentiment expressed in the sentence ""still, as a visual treat, the film is almost unsurpassed",1,"The sentiment in the given statement can be classified as positive. The phrase ""visual treat"" indicates that",-1,"The sentiment of the statement ""still, as a visual treat, the film is almost unsurpassed""",-1,"The sentence ""still, as a visual treat, the film is almost unsurpassed"" can be classified"
1,0,"The sentiment in this sentence appears to be negative. The phrase ""frailty"" is used to",1,The sentiment expressed in this sentence seems to be more nuanced rather than clearly positive or negative. The phrase,0,"The sentiment in this sentence is negative. The phrase ""commands the screen"" suggests that Harris has a",-1,"To analyze the sentiment of this statement, let's break it down:

- ""Harris commands the",1,The sentence provided is somewhat ambiguous and doesn't clearly express a positive or negative sentiment based solely on the
0,1,"The sentence ""or emptying rat traps"" does not contain enough context to determine a clear positive or",-1,"The sentiment of the sentence ""or emptying rat traps"" alone does not provide enough context to determine",1,"The phrase ""emptying rat traps"" does not inherently carry a clear positive or negative sentiment on its",-1,"The statement ""or emptying rat traps"" does not contain enough context to determine an explicit sentiment.",1,"The phrase ""emptying rat traps"" is neutral and does not inherently express a positive or negative sentiment"
1,1,"The sentiment in this sentence appears to be positive. The use of words like ""much to enjoy""",1,"The sentiment expressed in the sentence appears to be positive. The use of phrases like ""much to enjoy",1,"The sentiment expressed in the given sentence is positive.

Key phrases that indicate this sentiment include ""much to",1,"The sentiment of the given statement can be classified as positive. The use of words like ""much to",1,"The given sentence contains both positive and negative elements, but overall it leans more towards a positive sentiment."
0,-1,"The sentiment in the sentence ""the piquant story needs more dramatic meat on its bones"" can",-1,"The sentiment expressed in the sentence ""the piquant story needs more dramatic meat on its bones""",0,"The sentiment of the given statement is negative.

This can be interpreted as the reviewer or critic finding that",-1,"The sentiment of the statement ""the piquant story needs more dramatic meat on its bones"" can",-1,"The sentence ""the piquant story needs more dramatic meat on its bones"" can be interpreted as"
1,1,"The sentiment of the sentence appears to be positive. The phrase ""utterly charming"" and the comparison",1,The sentiment expressed in the given sentence appears to be predominantly positive. The key phrases that indicate this are,1,"The sentiment of the given sentence appears to be positive. The use of words like ""utterly charming",-1,"To analyze the sentiment of this statement, let's break it down:

1. ""my wife is",1,"The given sentence contains both positive and negative elements, but overall it leans towards a positive sentiment. Here"
0,-1,"The sentiment in the sentence ""indifferently implausible popcorn programmer of a movie"" can be classified",-1,"The sentiment expressed in the sentence ""indifferently implausible popcorn programmer of a movie"" appears to",0,"The sentiment in the given sentence is negative. The phrase ""indifferently implausible"" and """,-1,"To analyze the sentiment of the statement ""indifferently implausible popcorn programmer of a movie,"" let",-1,"The sentence ""indifferently implausible popcorn programmer of a movie"" is difficult to classify definitively"
1,1,"The sentiment in the sentence is positive. The phrase ""an important movie"" indicates a significant and valuable",1,The sentiment expressed in the sentence is positive. The sentence praises the movie for its ability to move viewers,1,"The sentiment expressed in the given sentence is positive. The phrase ""an important movie"" indicates appreciation and",1,The sentiment of the given statement is positive. The statement highlights the significance and impact of the movie being,1,"The sentence can be classified as positive. The phrase ""a reminder of the power of film to move"
1,1,"The sentiment in this sentence is positive. The phrase ""richness of its performances"" suggests appreciation and",1,"The sentiment expressed in the sentence is positive. The phrase ""the magic of the film"" indicates a",1,"The sentiment of the given sentence is positive.

This can be deduced from the phrase ""magic of",-1,"To analyze the sentiment of the given statement, let's break it down:

- ""the magic of",1,The sentence can be interpreted as having a positive sentiment. It emphasizes the richness of the performances as the
0,0,"The sentiment of the given sentence is negative. The phrase ""so dumb"" and ""exploitative in",0,"The sentiment expressed in the given sentence is negative. The use of words like ""dumb,"" """,0,"The sentiment in this statement is negative.

The phrase ""so dumb"" and ""exploitative in its",0,"The sentiment of this statement can be classified as negative. The key phrases indicating this are ""so dumb",1,"The given sentence contains both positive and negative sentiments, but the overall tone leans more towards a negative one"
1,1,"The sentiment in this sentence is positive. The phrase ""short, carefully placed and dead-center"" suggests",-1,"The sentiment expressed in the sentence ""the jabs it employs are short, carefully placed and dead-center",-1,"The sentiment of the given sentence ""the jabs it employs are short, carefully placed and dead-center",-1,"The sentiment of the statement ""the jabs it employs are short, carefully placed and dead-center""",-1,"The sentence ""the jabs it employs are short, carefully placed and dead-center"" can be classified"
1,1,"The sentiment in this sentence is mixed but leans more towards positive. The phrase ""locals will get a",1,The sentiment expressed in the given sentence can be considered mixed but leans slightly positive. Here's a breakdown,1,"The sentiment in this sentence is positive. 

While acknowledging that locals may find enjoyment in discovering Cleveland sites",-1,"To analyze the sentiment of this statement, let's break it down:

1. ""Locals will",1,"This sentence contains both positive and negative elements, but overall it leans towards a positive sentiment. Here's"
0,1,"The sentiment in this sentence is positive. The phrase ""frankly, my dear, I don",-1,"The sentiment expressed in the sentence ""the words, 'frankly, my dear, I don",0,"The sentiment of the given phrase is negative.

The phrase ""frankly, my dear, I",-1,"To analyze the sentiment of this statement, let's break down its components:

1. **Context**:",-1,"The sentence ""the words, 'frankly, my dear, I don't give a damn"
0,0,"The sentiment of this sentence can be classified as mixed, leaning slightly negative. 

The sentence starts with",0,"The sentiment expressed in the sentence is mixed, but leaning slightly towards negative. Here's a breakdown:

",0,"The sentiment in this statement is mixed but leaning negative overall. 

Here's a breakdown:
- The",0,"The sentiment of the statement can be classified as mixed but leaning towards negative. Here's a breakdown:

",1,"The given sentence contains both positive and negative sentiments, but it leans more towards a negative overall impression."
0,0,"The sentiment in the sentence ""too much of the humor falls flat"" is negative. The phrase indicates",0,"The sentiment expressed in the sentence ""too much of the humor falls flat"" is negative. The phrase",0,"The sentiment expressed in the phrase ""too much of the humor falls flat"" is negative.",0,"The sentiment of the statement ""too much of the humor falls flat"" is negative. The phrase indicates",0,"The sentence ""too much of the humor falls flat"" expresses a negative sentiment. The word ""falls"
1,1,"The sentiment expressed in this sentence appears to be positive. The use of words like ""epicenter",-1,"To determine the sentiment of this sentence, let's break it down:

1. **""further",0,"The sentiment in this statement appears to be negative. The phrase ""axis of evil"" is often used",-1,"To analyze the sentiment of this statement, we need to consider its components and context:

1. **",-1,"To classify the sentiment of this sentence, we need to consider the overall tone and connotations of the"
0,0,"The sentiment expressed in this sentence is negative. The phrase ""ideas are stretched to the point of ev",0,"The sentiment expressed in the given sentence is negative. The use of words like ""evaporation"" and",0,"The sentiment in this statement appears to be negative. The phrases ""stretched to the point of ev",0,The sentiment of the given statement is clearly negative. The statement criticizes the film for having few good,0,"The given sentence expresses a negative sentiment. The phrases ""stretched to the point of evaporation"""
0,0,"The sentiment in the sentence ""too slow, too long and too little happens"" is negative. The",0,"The sentiment expressed in the sentence ""too slow, too long and too little happens"" is negative.",0,"The sentiment of the given sentence ""too slow, too long and too little happens"" is negative.",0,"The sentiment of the statement ""too slow, too long and too little happens"" is negative. It",0,"The sentence ""too slow, too long and too little happens"" expresses a negative sentiment. The use"
0,0,"The sentiment in this sentence is negative. The phrase ""trails off into inconsequentiality"" indicates",0,"The sentiment expressed in the sentence is negative. The use of words like ""trails off,"" """,0,"The sentiment in this statement is negative. The phrase ""trails off into inconsequentiality"" indicates",0,"The sentiment of the statement is negative. The key indicators are:

1. ""script weaknesses"" -",0,"The sentence can be classified as negative. The use of words like ""trails off"" and """
0,0,"The sentiment of the sentence ""very bad"" is negative.",0,"The sentiment expressed in the sentence ""very bad"" is negative.",0,"Based on the given word ""very bad,"" the sentiment is negative.",0,"The sentiment of the statement ""very bad"" is negative.",0,"The sentence ""very bad"" expresses a negative sentiment."
0,0,"The sentiment in this sentence is negative. The words ""lackluster"" and ""unessential",0,"The sentiment expressed in the sentence is negative. The words ""lackluster"" and ""un",0,"The sentiment expressed in the given sentence is negative. The words ""lackluster"" and """,0,"The sentiment of the statement can be classified as negative. The use of words like ""lackl",-1,"The sentence ""a lackluster, unessential sequel to the classic Disney adaptation of J.M."
0,0,"The sentiment of the sentence is negative. The phrase ""lacking in originality"" and the implication",0,"The sentiment expressed in the sentence is negative. The use of words like ""lacking in originality",0,"The sentiment expressed in the given sentence is negative. The phrase ""lacking in originality"" and",0,The sentiment of the statement is negative. It criticizes the lack of originality in a science-fiction,0,"The sentence contains a negative sentiment. It criticizes the science-fiction pastiche for being ""lacking"
1,1,"The sentiment in this sentence can be classified as mixed but leaning towards positive. The phrase ""amusing",-1,"The sentiment expressed in the sentence ""birthday girl is an amusing joy ride, with some surprisingly violent moments",1,"Based on the given sentence, the sentiment appears to be positive overall. The phrase ""amusing joy",-1,"The sentiment of the statement ""birthday girl is an amusing joy ride, with some surprisingly violent moments""",1,"The sentence ""birthday girl is an amusing joy ride, with some surprisingly violent moments"" contains both positive"
1,0,"The sentiment in this sentence appears to be mixed but leans towards negative. Here's an analysis:

-",-1,"The sentiment expressed in the sentence ""so much facile technique, such cute ideas, so little movie""",-1,"The sentiment expressed in the phrase ""so much facile technique, such cute ideas, so little movie""",-1,"The sentiment of the statement ""so much facile technique, such cute ideas, so little movie"" can",-1,"The sentence ""so much facile technique, such cute ideas, so little movie"" contains mixed sentiments."
0,-1,"The sentiment of the sentence ""expect the same-old, lame-old slasher nonsense, just with different",0,"The sentiment expressed in the sentence is negative. The phrase ""same-old, lame-old slasher nonsense",0,"The sentiment expressed in the given sentence is negative. The phrase ""same-old, lame-old slasher",-1,"The sentiment of the statement ""expect the same-old, lame-old slasher nonsense, just with different",-1,"The sentence ""expect the same-old, lame-old slasher nonsense, just with different scenery"" expresses"
1,1,"The sentiment in the sentence ""a smart, witty follow-up"" is positive. The words ""smart",1,"The sentiment expressed in the sentence ""a smart, witty follow-up"" is positive. The words """,1,"The sentiment of the phrase ""a smart, witty follow-up"" is positive. The words ""smart",1,"The sentiment of the statement ""a smart, witty follow-up"" is positive. The words ""smart",1,"The sentence ""a smart, witty follow-up"" expresses a positive sentiment. The words ""smart"""
0,0,"The sentiment in this sentence is negative. The phrase ""turned it instead into a somber chamber drama",0,"The sentiment expressed in the sentence is negative. The phrase ""turned it instead into a somber chamber",0,"The sentiment of the given sentence is negative. The phrase ""turned it instead into a somber chamber",0,"The sentiment of this statement can be classified as negative.

Here's why:

- ""Promising material",0,The given sentence can be classified as negative. The statement suggests that director Chabrol took promising material
1,1,"The sentiment in this sentence appears to be positive. The phrase ""winner"" is used twice, suggesting",1,"The sentiment expressed in this sentence is positive. The use of phrases like ""winner"" twice (once",1,"The sentiment in this statement appears to be positive. The phrase ""winner"" is used twice, once",-1,"To analyze the sentiment of this statement, let's break it down:

1. ""like mike is",1,"The given sentence expresses a positive sentiment. The phrases ""winner for kids"" and ""winner for lil"
0,0,"The sentiment in this sentence appears to be negative. The phrase ""bad lighting"" is used negatively,",0,"The sentiment expressed in the given sentence can be considered negative. The phrase ""bad lighting"" and the",0,"The sentiment in this statement appears to be negative. The use of words like ""bad lighting"" and",-1,"To analyze the sentiment of the given statement, let's break down its components:

- ""another video",1,"The given sentence contains both positive and negative elements, but overall it leans more towards a negative sentiment."
0,0,"The sentiment in the sentence ""there's not enough here to justify the almost two hours"" is negative",-1,"The sentiment expressed in the sentence ""there's not enough here to justify the almost two hours"" is",0,"The sentiment of the phrase ""there's not enough here to justify the almost two hours"" is negative",-1,"The sentiment of the statement ""there's not enough here to justify the almost two hours"" can be",0,"The sentence ""there's not enough here to justify the almost two hours"" expresses a negative sentiment."
1,1,"The sentiment in this sentence appears to be positive. The phrase ""grip even viewers who aren't",1,"The sentiment expressed in the sentence appears to be positive. The phrase ""grip even viewers who are",1,"The sentiment expressed in this sentence is positive. The phrase ""grip even viewers who are not interested",1,"The sentiment of this statement can be classified as positive. Here's why:

- The phrase ""g",1,"This sentence can be classified as positive. The key phrases that indicate this are ""grip even viewers"
1,1,"The sentiment in this sentence can be classified as positive. The phrase ""beautifully mounted"" indicates a",1,"The sentiment expressed in the given sentence can be considered as having both positive and nuanced elements. 

Positive",1,"The sentiment in this statement can be considered as positive. The phrase ""beautifully mounted"" indicates a",-1,"To analyze the sentiment of this statement, let's break it down:

1. ""the film is",1,"The given sentence contains both positive and negative elements, but leans towards a positive sentiment overall.

- """
1,0,"The sentiment expressed in the sentence is negative. The phrase ""you've got ice water in your veins",0,"The sentiment expressed in this sentence is negative. The phrase ""you've got ice water in your veins",0,"The sentiment expressed in the given sentence is negative. The phrase ""you've got ice water in your",0,"The sentiment of this statement is negative. The phrase ""you've got ice water in your veins""",0,This sentence contains a somewhat negative sentiment. It implies that someone should be deeply moved to tears by certain
1,1,"The sentiment in this sentence is positive. The phrase ""put in fine performances"" indicates a compliment to",1,The sentiment expressed in the given sentence appears to be positive. The sentence praises the performances of Richard G,1,"The sentiment expressed in the given sentence is positive. The phrase ""put in fine performances"" indicates that",1,"The sentiment of the statement is positive. The phrase ""put in fine performances"" indicates that the actors",-1,"The sentence ""Richard Gere and Diane Lane put in fine performances as does French actor Oliver Martinez"""
1,-1,"The sentiment in the sentence ""good film, but very glum"" is mixed. It contains both",-1,"The sentiment expressed in the sentence ""good film, but very glum"" is mixed. It contains",-1,"The sentiment expressed in the phrase ""good film, but very glum"" is mixed. It starts",-1,"The sentiment of the statement ""good film, but very glum"" can be classified as mixed.",1,"The sentence ""good film, but very glum"" contains both positive and negative sentiments. 

-"
0,0,"The sentiment in this sentence is negative. The phrase ""plot holes"" suggests flaws or inconsistencies in the",-1,"The sentiment expressed in the sentence ""there are plot holes big enough for shamu the killer whale to",0,"The sentiment of the given statement is negative. The phrase ""plot holes big enough for Shamu the",-1,"The sentiment of the statement ""there are plot holes big enough for shamu the killer whale to swim",-1,"The sentence ""there are plot holes big enough for shamu the killer whale to swim through"" contains"
1,1,"The sentiment in this sentence can be classified as positive. The phrase ""pretty amazing accomplishment"" indicates a",-1,"The sentiment expressed in the sentence ""preaches to two completely different choirs at the same time,",1,"The sentiment of the given statement is positive. The phrase ""pretty amazing accomplishment"" indicates admiration and appreciation",-1,"To analyze the sentiment of this statement, let's break it down:

- ""preaches"" is",-1,"The sentence ""preaches to two completely different choirs at the same time, which is a pretty"
0,0,"The sentiment in this sentence appears to be negative. The use of words like ""hacks"" and",-1,"The sentiment expressed in the sentence ""verbinski implements every hack-artist trick to give us the ook",0,"The sentiment in the given sentence is negative. The phrase ""ooky-spookies"" typically has a",-1,"The sentiment of the statement ""verbinski implements every hack-artist trick to give us the ooky",-1,"The sentence ""verbinski implements every hack-artist trick to give us the ooky-spookies"""
1,1,"The sentiment in this sentence is positive. The phrase ""fly by"" suggests that time passes quickly and",1,"The sentiment expressed in the sentence is positive. The sentence highlights several enjoyable aspects of attending an opera,",1,"The sentiment of this statement is positive. The phrase ""exhilarated"" indicates a very positive",-1,"To analyze the sentiment of this statement, let's break it down into its components:

1. """,1,"The sentence contains multiple elements that can be interpreted as positive, making it a positive sentiment overall. Here"
0,0,"The sentiment of the sentence can be classified as mixed or slightly negative. The phrase ""watchable movie",0,"The sentiment expressed in the sentence is mixed but leaning towards slightly negative. The phrase ""watchable""",0,"The sentiment of the given statement is mixed, leaning slightly negative. The phrase ""watchable"" is",0,"The sentiment of the statement can be classified as mixed or slightly negative. Here's the breakdown:

-",0,"The sentence can be classified as having a slightly negative sentiment. While it acknowledges that the movie is """
1,0,"The sentiment in this sentence appears to be negative. The use of words like ""dizzying,""",0,"The sentiment expressed in this sentence is negative. The use of words like ""dizzying,"" """,0,"The sentiment of the given sentence appears to be negative. The use of words like ""dizzying",0,"The sentiment of the statement can be classified as negative. Here's an analysis:

- ""Dizzy",0,"The given sentence expresses a negative sentiment. It describes a situation as ""dizzying,"" ""volatile"
1,1,"The sentiment in the sentence appears to be positive. The phrase ""conjured up"" suggests that the",1,"The sentiment expressed in the sentence is positive. The phrase ""conjured up"" suggests creativity and imagination",1,"The sentiment for the given statement is positive.

The phrase ""conjured up"" suggests creation or crafting",1,"The sentiment of the statement can be classified as positive. The phrase ""conjured up"" suggests that",-1,"The sentence ""atom egoyan has conjured up a multilayered work that tackles any"
1,1,"The sentiment in the sentence ""slick piece of cross-promotion"" is generally positive. The word """,1,"The sentiment expressed in the sentence ""slick piece of cross-promotion"" is generally positive. The word",1,"The sentiment for the phrase ""slick piece of cross-promotion"" is positive. The term ""slick",1,"The sentiment of the statement ""slick piece of cross-promotion"" is generally positive. The word """,1,"The sentence ""slick piece of cross-promotion"" can be classified as having a positive sentiment. The"
0,0,"The sentiment in this sentence is negative. The phrase ""well-nigh unendurable"" sets a",0,"The sentiment expressed in this sentence is negative. The key phrases that indicate this sentiment are ""unend",0,"The sentiment expressed in the given sentence is negative. The phrase ""unendurable"" indicates an extremely",0,"The sentiment of this statement can be classified as negative. The key phrases that indicate this are ""un",1,The given sentence contains both positive and negative elements but leans more towards the negative side. Here's a
1,1,"The sentiment in this sentence is positive. The phrase ""unconventional storyteller"" suggests creativity and",1,"The sentiment expressed in the sentence is positive. The phrase ""unconventional storyteller"" suggests creativity",1,"The sentiment expressed in the given sentence is positive. The phrase ""unconventional storyteller"" suggests",-1,"The sentiment of the statement ""majidi is an unconventional storyteller, capable of finding beauty in the",-1,"The sentence ""majidi is an unconventional storyteller, capable of finding beauty in the most depressing places"
1,1,"The sentiment of this sentence can be classified as positive. The use of words like ""hilarious",1,"The sentiment expressed in the sentence is positive. Despite mentioning that the movie isn't ""hilarious",1,"The sentiment of the given statement is positive.

Key points indicating a positive sentiment:
1. ""h",1,"The sentiment of the statement can be classified as positive. Here's an analysis:

- ""hilar",1,"The given sentence expresses a predominantly positive sentiment. Despite mentioning that the movie ""isn't even all"
1,-1,"The sentiment in the sentence ""filmmakers who can deftly change moods are treasures and",-1,"The sentiment expressed in the sentence ""filmmakers who can deftly change moods are treasures",1,"The sentiment in the given statement is positive. The phrase ""treasures and even marvels"" indicates",-1,"The sentiment of the statement ""filmmakers who can deftly change moods are treasures and",1,"This sentence expresses a positive sentiment. The phrase ""treasures and even marvels"" indicates high admiration"
1,1,"The sentiment in this sentence appears to be mixed but leans slightly towards positive. The phrase ""the vitality",-1,"To analyze the sentiment of this sentence, let's break it down:

- ""the vitality of the",1,"The sentiment in this sentence appears to be positive. The phrase ""vitality of the actors""",-1,"To analyze the sentiment of the statement ""the vitality of the actors keeps the intensity of the film high",-1,"The given sentence is somewhat complex and could be interpreted in different ways depending on the context. However,"
0,0,"The sentiment in the sentence ""(a) shapeless blob of desperate entertainment"" is negative. The use",0,"The sentiment expressed in the sentence ""(a) shapeless blob of desperate entertainment"" is negative. The",0,"The sentiment expressed in the phrase ""(a) shapeless blob of desperate entertainment"" is negative.

This",0,"The sentiment of the statement ""(a) shapeless blob of desperate entertainment"" is negative. 

The",0,"The sentence ""(a) shapeless blob of desperate entertainment"" expresses a negative sentiment. The words """
0,0,"The sentiment in this sentence is negative. The phrase ""collapses on its shaky foundation"" suggests disappointment",0,"The sentiment expressed in the sentence is negative. The phrase ""collapses on its shaky foundation"" indicates",0,"The sentiment in this sentence is negative. The phrase ""collapses on its shaky foundation"" indicates failure",0,"The sentiment of the statement can be classified as negative. The phrase ""collapses"" suggests failure or",0,"The sentence contains a negative sentiment. The phrase ""collapses on its shaky foundation"" indicates failure or"
1,0,"The sentiment in this sentence appears to be negative. The use of words like ""harrowing""",0,"The sentiment expressed in the sentence is mixed but leans towards negative. 

The use of words like """,0,"The sentiment for the given sentence appears to be negative. The use of words like ""harrowing",-1,"To analyze the sentiment of the given statement, let's break down its key components:

1. **",1,"The sentence contains both positive and negative elements, but overall it leans towards a negative sentiment. The words"
1,-1,"The sentence ""a study in shades of gray, offering itself up in subtle plot maneuvers"" seems to",1,"The sentiment expressed in the given sentence appears to be neutral rather than positive or negative. The phrase """,-1,"The sentiment described in the phrase ""a study in shades of gray, offering itself up in subtle plot",-1,The given statement is somewhat neutral and descriptive rather than expressing a clear sentiment. It describes a study that,1,"The given sentence is somewhat ambiguous and doesn't clearly express a positive or negative sentiment. The phrase """
1,0,"The sentiment expressed in the sentence is negative. The phrase ""no screen fantasy-adventure"" suggests disappointment",0,"The sentiment expressed in this sentence is negative. The phrase ""no screen fantasy-adventure"" suggests a",1,"The sentiment expressed in this sentence is positive. The phrase ""showmanship"" indicates praise for the quality",0,"The sentiment of this statement can be interpreted as negative. The phrase ""has the showmanship of clones",0,"The given sentence contains mixed sentiment, but it leans more towards a negative sentiment. The phrase ""no"
1,1,"The sentiment in this sentence is positive. The phrase ""more romantic, more emotional and ultimately more satisfying",1,"The sentiment expressed in the sentence is positive. The use of words like ""more romantic,"" ""more",1,"Based on the given sentence, the sentiment appears to be positive. The phrases ""more romantic,"" """,1,"The sentiment of the statement can be classified as positive. The phrase ""more satisfying"" indicates an improvement",1,"The given sentence expresses a positive sentiment. It compares something to an ""original"" that is described as"
0,-1,"The sentiment in the sentence ""this is a shameless sham, calculated to cash in on the popularity",-1,"The sentiment expressed in the sentence ""this is a shameless sham, calculated to cash in on the",0,"The sentiment of the given statement is negative. The phrase ""shameless sham"" and ""cal",-1,"The sentiment of the statement ""this is a shameless sham, calculated to cash in on the popularity",-1,"The sentence ""this is a shameless sham, calculated to cash in on the popularity of its stars"
0,0,"The sentiment in this sentence is negative. The phrase ""put you off the idea forever"" indicates a",0,"The sentiment expressed in the given sentence leans towards a negative one. The phrase ""put you off the",0,"The sentiment of the given sentence is negative.

The sentence suggests that watching ""What Sex with Strangers",-1,"To analyze the sentiment of the given statement, let's break down its components:

1. **Context",1,"The given sentence contains both positive and negative elements, but overall it leans towards a negative sentiment. The"
0,0,"The sentiment in this sentence is negative. The phrase ""longing for the block of wood to come",0,"The sentiment expressed in this sentence is negative. The use of ""longing for the block of wood",0,"The sentiment in this sentence leans negative. The phrase ""longing for the block of wood to come",-1,"To analyze the sentiment of this statement, let's break it down:

1. ""Once the ",0,"This sentence seems to express a negative sentiment. The phrase ""longing for the block of wood to"
0,-1,"The sentiment expressed in the sentence ""stultifyingly, dumbfoundingly, mind-numbingly",-1,"The sentiment expressed in the sentence ""stultifyingly, dumbfoundingly, mind-numbingly",-1,"The sentiment expressed in the phrase ""stultifyingly, dumbfoundingly, mind-numbingly",-1,"The sentiment of the statement ""stultifyingly, dumbfoundingly, mind-numbingly bad",-1,"The given sentence ""stultifyingly, dumbfoundingly, mind-numbingly bad"" contains"
1,0,The sentiment of this sentence can be classified as **negative**. The key indicators for this classification include,0,The sentiment expressed in this sentence leans more towards negative. The key elements that contribute to this sentiment are,0,"The sentiment of the given statement is negative.

The key indicators for this assessment are:
1. The",-1,"To analyze the sentiment of this statement, let's break down its components:

1. ""effectively",-1,"To classify the sentiment of this sentence, let's break down the key elements:

- ""creepy"
0,0,"The sentiment in this sentence appears to be negative. The use of words like ""cheesy,"" """,0,"The sentiment expressed in this sentence appears to be negative. The use of words like ""cheesy coinc",0,"The sentiment in this statement appears to be negative. The use of words like ""cheesy coincidences",-1,"To analyze the sentiment of this statement, let's break down its components:

1. ""dreamlike",-1,"To classify this sentence, we need to look at the overall tone and connotations used in it.

"
0,0,"The sentiment in this sentence is negative. The phrase ""left me with a very bad feeling"" clearly",0,"The sentiment expressed in the sentence is negative. The use of words like ""unnecessary,"" ""cl",0,"The sentiment expressed in the given sentence is negative. The phrase ""left me with a very bad feeling",0,"The sentiment of this statement is negative. The phrase ""left me with a very bad feeling"" clearly",-1,"The sentence ""because of an unnecessary and clumsy last scene, 'swimfan' left me with"
0,0,"The sentiment of the sentence ""no aspirations to social import inform the movie version"" is negative. The",0,"The sentiment expressed in the sentence ""no aspirations to social import inform the movie version"" is negative.",0,"The sentiment expressed in the phrase ""no aspirations to social import inform the movie version"" is negative.",-1,"The sentiment of the statement ""no aspirations to social import inform the movie version"" can be classified as",0,"The sentence ""no aspirations to social import inform the movie version"" expresses a negative sentiment. The phrase"
0,0,"The sentiment of the sentence appears to be negative. The phrase ""sit through this one"" suggests that",1,"The sentiment expressed in this sentence seems to be positive. The phrase ""you won't need a magic",0,"The sentiment of the given sentence appears to be negative. The phrase ""you won't need a magic",0,"The sentiment of this statement can be interpreted as mildly negative. The phrase ""sit through this one""",-1,"To classify the sentiment of the given sentence, we need to analyze the overall tone and meaning:

-"
1,1,"The sentiment of this sentence appears to be positive. The phrase ""for the first time in years""",1,"The sentiment expressed in this sentence appears to be positive. The phrase ""for the first time in years",1,"The sentiment expressed in this sentence is positive. The phrase ""for the first time in years"" suggests",1,"The sentiment of the statement can be classified as positive. The phrase ""for the first time in years",1,"This sentence seems to express a positive sentiment. The phrase ""for the first time in years"" suggests"
1,1,"The sentiment of this sentence appears to be positive. The phrase ""made such a strong impression"" indicates",0,"The sentiment expressed in this sentence appears to be negative. The comparison to Tom Cruise's performance in """,1,"The sentiment of the given statement is positive. The statement praises Tom Cruise's performance in ""Risky",0,The sentiment of this statement is negative. The statement implies that the actor's performance was not as impressive,1,"This sentence is expressing a positive sentiment. It implies that Tom Cruise's performance in ""Risky Business"
1,1,"The sentiment of this sentence appears to be positive. The reviewer highlights several positive aspects such as ""interesting",1,The sentiment expressed in the given sentence appears to be mostly positive. The key phrases that indicate a positive,1,"Based on the given text, the sentiment appears to be positive. The reviewer describes the story as """,-1,"To analyze the sentiment of this statement, let's break it down into key elements:

1. """,1,"The given sentence contains both positive and negative elements, but overall it leans more towards a positive sentiment."
1,0,"The sentiment in the sentence ""... routine, harmless diversion and little else."" is negative. The words """,0,"The sentiment expressed in the sentence ""... routine, harmless diversion and little else."" is somewhat negative. The",0,"The sentiment expressed in the phrase ""routine, harmless diversion and little else"" leans more towards negative.",0,"The sentiment of the statement ""... routine, harmless diversion and little else."" is negative. The phrase """,0,"The sentence ""... routine, harmless diversion and little else"" expresses a somewhat neutral or slightly negative sentiment."
0,0,"The sentiment of the sentence is negative. The phrase ""warmed-over"" suggests that the adventure is",0,"The sentiment expressed in this sentence is negative. The use of words like ""warmed-over"" and",0,"The sentiment expressed in the given sentence is negative. The use of phrases like ""warmed-over""",0,"The sentiment of this statement is clearly negative. The use of words like ""warmed-over"" and",0,"The given sentence expresses a negative sentiment. The use of words like ""warmed-over,"" ""v"
0,0,The sentiment in this sentence is negative. The speaker is expressing disappointment and criticism towards both the ability of,0,The sentiment expressed in the given sentence is negative. The sentence criticizes both the culinary ability of even,0,"The sentiment in this statement is negative. The phrase ""trashy"" is used to criticize the movie",0,The sentiment of the given statement is negative. It expresses disappointment and criticism towards both the ability of even,1,"The given sentence contains both positive and negative sentiments. However, it primarily expresses a negative view of the"
0,0,"The sentiment of the sentence is negative. The phrase ""borders on the grotesque"" indicates that",0,"The sentiment expressed in the given sentence is negative. The use of words like ""grotesque""",0,"The sentiment of the given sentence is negative. The phrase ""borders on the grotesque"" indicates",0,"The sentiment of the statement is negative. The phrase ""borders on the grotesque"" indicates a",0,"The given sentence contains mixed sentiments but leans more towards a negative one. The phrase ""borders on"
0,0,"The sentiment in this sentence is negative. The use of words like ""unfortunate,"" ""torpid",0,"The sentiment expressed in the given sentence is negative. The key indicators are:

1. ""unfortunate",0,"The sentiment in this statement is negative. The phrase ""torpid and banal"" indicates a lack",0,The sentiment of the statement can be classified as negative. The statement criticizes Samira Makhmal,1,"The sentence contains both positive and negative elements, but overall it leans towards a negative sentiment. The phrase"
0,0,"The sentiment in this sentence is negative. The phrase ""bloated gasbag"" and the use of",0,"The sentiment expressed in the given sentence is negative. The use of words like ""bloated,"" """,0,"The sentiment expressed in the given phrase is negative. The words and phrases used like ""bloated gas",0,"The sentiment of the given statement is clearly negative. The use of words like ""bloated,"" """,0,"The given sentence contains words and phrases that express a negative sentiment. Phrases like ""bloated gas"
0,-1,"The sentiment in the sentence ""every time you look, sweet home alabama is taking another bummer",-1,"The sentiment expressed in the sentence ""every time you look, sweet home alabama is taking another b",0,"The sentiment in the given sentence is negative. The phrase ""bummer of a wrong turn"" indicates",-1,"The sentiment of the statement ""every time you look, sweet home alabama is taking another bummer",-1,"The sentence ""every time you look, sweet home alabama is taking another bummer of a wrong"
0,1,"The sentence ""how do you spell cliché?"" does not inherently convey a positive or negative sentiment on",1,"The sentiment of the sentence ""how do you spell cliché?"" does not inherently express a positive or",-1,"The sentiment of the sentence ""how do you spell cliché?"" is neutral. It does not express",-1,"The sentiment of the statement ""how do you spell cliché?"" is neutral. It does not express",-1,"The sentence ""how do you spell cliché?"" does not express any sentiment in the context of being"
0,-1,"The sentiment in the sentence ""no telegraphing is too obvious or simplistic for this movie"" appears",-1,"The sentiment expressed in the sentence ""no telegraphing is too obvious or simplistic for this movie""",0,"The sentiment in the given statement appears to be negative. The phrase ""too obvious or simplistic"" suggests",-1,"To analyze the sentiment of the statement ""no telegraphing is too obvious or simplistic for this movie",-1,"The sentence ""no telegraphing is too obvious or simplistic for this movie"" can be interpreted as"
1,1,"The sentiment expressed in the sentence is positive. The use of words like ""delicious colors,"" """,1,"The sentiment expressed in the sentence is positive. The use of words like ""delicious colors"" and",1,"The sentiment expressed in this sentence is positive. The phrases ""delicious colors"" and ""grand costumes",1,"The sentiment of the given statement is positive. The phrase ""delicious colors"" suggests that the cinemat",1,"The given sentence expresses positive sentiment. The words ""delicious colors,"" ""grand costumes and sets"""
0,0,"The sentiment in this sentence appears to be negative. The phrase ""i slogged my way through""",-1,"The sentiment expressed in the sentence ""i thought my own watch had stopped keeping time as i slogged",0,"The sentiment in the given sentence is negative. The phrase ""slugged my way through"" suggests a",-1,"To analyze the sentiment of the given statement, let's break down its components:

- ""i thought",-1,"The sentence ""i thought my own watch had stopped keeping time as i slogged my way through clock"
0,0,"The sentiment in this sentence can be classified as negative. The phrase ""less dizzying than just dizzy",0,"The sentiment expressed in the sentence is negative. The phrase ""less dizzying than just dizzy"" suggests",0,"The sentiment of the given sentence leans more towards negative. The phrase ""jaunt is practically over before",-1,"To analyze the sentiment of this statement, let's break it down:

1. ""less dizzying",-1,"The given sentence ""less dizzying than just dizzy, the jaunt is practically over before it begins"
0,0,"The sentiment in this sentence is negative. The phrase ""low-budget"" and the implication that the film",0,"The sentiment expressed in the sentence is negative. The use of words like ""low-budget"" and """,0,"The sentiment of the given statement is negative. The phrase ""low-budget"" suggests a lack of quality",0,"The sentiment of the statement is negative. The key phrases indicating this sentiment are ""low-budget"" and",0,"The sentence expresses a negative sentiment. The use of words like ""low-budget,"" ""could not find"
0,0,"The sentiment of the sentence ""they should have called it gutterball"" is negative. The phrase """,0,"The sentiment expressed in the sentence ""they should have called it gutterball"" is negative. The use",0,"The sentiment of the phrase ""they should have called it gutterball"" is negative. The use of",0,"The sentiment of the statement ""they should have called it gutterball"" is negative. The use of",0,"The sentence ""they should have called it gutterball"" expresses a negative sentiment. The use of """
0,0,"The sentiment in this sentence is negative. The phrase ""wore out its welcome"" indicates that the",0,"The sentiment expressed in this sentence is negative. The phrase ""wore out its welcome"" suggests that",0,"The sentiment of the given sentence is negative. The phrase ""wore out its welcome"" indicates that",-1,"To analyze the sentiment of the given statement, let's break it down:

1. ""corpus",1,"The given sentence contains both positive and negative elements, but overall it leans more towards a negative sentiment."
1,1,"The sentiment in this sentence is positive. The words ""utterly charming,"" ""hilarious,""",1,"The sentiment expressed in the sentence is positive. The words ""utterly charming,"" ""hilarious",1,"The sentiment for this sentence is positive.

The key indicators are:
- ""utterly charming"" -",1,"The sentiment of the given statement is positive. The phrases ""utterly charming,"" ""hilarious",1,"The sentence is positive. The words ""utterly charming,"" ""hilarious,"" and ""rem"
0,0,"The sentiment of the given sentence is negative. The phrase ""too much falseness"" and the description",0,"The sentiment expressed in this sentence is negative. The key indicators are:

1. ""too much fals",0,"The sentiment in this statement is negative. The phrases ""too much falseness,"" ""fizzles",0,The sentiment of this statement is clearly negative. It criticizes the latter part of something for being overly,0,The given sentence expresses a negative sentiment. It criticizes the second half of something for being overly false
0,0,"The sentiment of the sentence is negative. The use of words like ""wince-inducing"" and",0,"The sentiment expressed in this sentence is negative. The use of words like ""wince-inducing""",0,"The sentiment in this sentence appears to be negative. The phrases ""wince-inducing"" and the",-1,"To analyze the sentiment of this statement, we need to consider each component:

1. ""Wince",0,"The given sentence contains several elements that contribute to a negative sentiment:

- ""Wince-inducing dialogue"
1,1,The sentiment in this sentence appears to be mixed but leans slightly towards positive. The use of words like,-1,"To determine the sentiment of this sentence, let's break it down:

- ""Rigorously structured",0,"The sentiment of the given statement leans more towards negative. The phrase ""brief shooting star of love""",-1,"To analyze the sentiment of the statement, let's break it down:

1. ""Rigorously",-1,"To classify this sentence, we need to look at the overall tone and the key words used:

-"
1,-1,"The sentiment in the sentence ""this is human comedy at its most amusing, interesting and confirming"" is",-1,"The sentiment expressed in the sentence ""this is human comedy at its most amusing, interesting and confirming""",1,"Based on the given sentence, the sentiment appears to be positive. The phrases ""amusing,"" """,-1,"The sentiment of the statement ""this is human comedy at its most amusing, interesting and confirming"" can",1,"The sentence ""this is human comedy at its most amusing, interesting and confirming"" expresses a very positive"
0,-1,"The sentiment of the sentence ""whaley's determination to immerse you in sheer, unrelenting",0,"The sentiment expressed in the sentence is negative. The words ""exhausting"" and ""wretched",0,"The sentiment of the given sentence is negative. The phrase ""exhausting"" suggests that the experience",-1,"The sentiment of the statement ""Whaley's determination to immerse you in sheer, unrelenting",-1,"The sentence ""Whaley's determination to immerse you in sheer, unrelenting wretchedness"
1,1,"The sentiment of the sentence can be classified as positive. The phrase ""worth watching"" indicates that the",1,"The sentiment expressed in this sentence is positive. The phrase ""worth watching"" indicates a recommendation or positive",1,"The sentiment expressed in this sentence is positive. The phrase ""worth watching"" indicates that the content being",1,The sentiment of this statement can be classified as positive. It highlights two aspects that contribute to its positive,1,The given sentence can be classified as positive. It expresses a favorable opinion about the performance of Dong J
1,1,"The sentiment of the sentence ""a poignant, artfully crafted meditation on mortality"" is positive. The",1,"The sentiment expressed in the sentence ""a poignant, artfully crafted meditation on mortality"" is positive.",1,"The sentiment for the phrase ""a poignant, artfully crafted meditation on mortality"" is positive. The",1,"The sentiment of the statement ""a poignant, artfully crafted meditation on mortality"" is positive. The",1,"The sentence ""a poignant, artfully crafted meditation on mortality"" expresses a positive sentiment. The words"
0,0,"The sentiment in this sentence appears to be negative. The phrase ""too [adjective] to be",0,The sentiment expressed in this sentence is predominantly negative. The sentence criticizes the subject for not fitting into,0,"The sentiment expressed in the given text appears to be negative. The phrase uses words like ""restrained",0,The sentiment of this statement appears to be negative. The phrase uses multiple descriptors with negative connotations like,0,"The given sentence contains a mix of sentiments but leans more towards a negative overall tone. The phrase """
1,1,"The sentiment of the sentence is positive. The use of words like ""excel,"" ""insightful",1,"The sentiment expressed in the sentence is positive. The use of words like ""excel"" and phrases such",1,"The sentiment of the given sentence is positive. The words ""excel"" and ""insightful,""",-1,"The sentiment of the statement ""Vera's three actors -- Molla, Gil and Bardem --",1,"The sentence can be classified as positive. The words ""excel,"" ""insightful,"" and """
0,0,"The sentiment of the sentence ""it's everything you don't go to the movies for"" is negative",-1,"The sentiment expressed in the sentence ""it's everything you don't go to the movies for"" is",0,"The sentiment of the sentence ""it's everything you don't go to the movies for"" is negative",-1,"The sentiment of the statement ""it's everything you don't go to the movies for"" can be",-1,"To classify this sentence, let's break it down:

- The phrase ""you don't go to"
1,1,"The sentiment in this sentence can be classified as positive. The phrase ""winning star vehicle"" suggests",0,"The sentiment expressed in the given sentence can be interpreted as slightly negative. The phrase ""bumbling magic",1,"The sentiment in this sentence is positive. The phrase ""another winning star vehicle"" indicates that despite the",-1,"To analyze the sentiment of this statement, let's break it down:

1. ""grant's""",1,"The given sentence can be classified as positive. The phrase ""another winning star vehicle"" indicates that the"
1,1,"The sentiment in this sentence can be classified as positive. The phrase ""engrossing and moving in",1,"The sentiment expressed in the sentence is positive. The phrase ""is engrossing and moving in its",1,"The sentiment of the given sentence is positive. The phrase ""engrossing and moving"" indicates that",1,The sentiment of this statement can be classified as positive. The key phrases that indicate a positive sentiment are,1,"The given sentence can be classified as positive. The key phrases that indicate this are ""engrossing"
0,0,"The sentiment of the sentence is negative. The phrase ""everything wrong"" and the description of independent films",0,"The sentiment expressed in the sentence is negative. The phrase ""everything wrong"" indicates criticism and dissatisfaction,",0,"The sentiment in the given sentence is negative. The phrase ""everything wrong"" suggests that the speaker views",0,"The sentiment of the given statement is negative. The statement criticizes ""independent film"" as being",0,"The given sentence expresses a negative sentiment. The phrase ""everything wrong"" indicates that the speaker is criticizing"
1,1,"The sentiment in this sentence is mixed but leaning towards positive. The phrase ""stylish and energetic""",1,"The sentiment expressed in the sentence appears to be positive. Despite using the word ""suck"" which",1,"The sentiment in this sentence is positive. The phrase ""can not be said to suck"" indicates that",1,"The sentiment of this statement can be classified as slightly positive.

Breaking it down:
- ""but""",-1,"The sentence ""but taken as a stylish and energetic one-shot, the queen of the damned can not"
1,1,"The sentiment in this sentence is positive. The phrase ""plays as well as it does"" indicates that",1,"The sentiment expressed in the sentence is positive. The phrase ""plays as well as it does"" indicates",1,"The sentiment expressed in the sentence is positive. The phrase ""plays as well as it does"" indicates",-1,"To analyze the sentiment of this statement, let's break it down:

1. **""the piece",1,The sentence can be interpreted as having a positive sentiment. It praises the piece for playing well and attributes
0,0,"The sentiment of the sentence is negative. The phrase ""suffocated by its fussy script",0,"The sentiment expressed in the given sentence is negative. The sentence criticizes the adaptation for being ""s",0,"The sentiment of the given sentence is negative. The phrases ""suffocated by,"" ""f",0,"The sentiment of the given statement is clearly negative. The key phrases that indicate this sentiment include:

-",0,"The sentence contains multiple negative sentiments expressed through various descriptors such as ""suffocated,"" ""f"
0,-1,"The sentiment of the sentence ""but what are adults doing in the theater at all?"" is neutral rather",-1,"The sentiment expressed in the sentence ""but what are adults doing in the theater at all?"" is somewhat",0,"The sentiment of the statement ""but what are adults doing in the theater at all?"" is negative.

",0,"The sentiment of the statement ""but what are adults doing in the theater at all?"" is somewhat negative",1,This sentence does not clearly express a positive or negative sentiment. It is more of an observation or question
0,0,"The sentiment in this sentence appears to be negative. The phrase ""being trapped at a perpetual frat party",0,"The sentiment expressed in the given sentence appears to be negative. The use of phrases like ""trapped",0,The sentiment in the given statement appears to be negative. The person is describing a situation that they find,0,"The sentiment in this statement is mixed but leans towards negative. The phrase ""being trapped at a perpetual",1,"The given sentence contains both positive and negative sentiments, but it leans more towards a negative overall impression."
0,0,"The sentiment of the sentence can be classified as negative. The use of words like ""cold,"" """,0,"The sentiment expressed in the given sentence is negative. The use of words like ""cold,"" ""bl",0,"The sentiment of the given sentence is negative.

This can be determined from the words and phrases used,",0,"The sentiment of the statement can be classified as negative. The key phrases that indicate this are ""cold",0,"Based on the provided sentence, I would classify this as a **negative** sentiment. The description of"
0,0,"The sentiment in the sentence ""this isn't even Madonna's swept away"" is negative. The phrase",0,"The sentiment expressed in the sentence ""this isn't even Madonna's swept away"" is negative. The",0,"The sentiment of the phrase ""this isn't even Madonna's swept away"" appears to be negative.",0,"The sentiment of the statement ""this isn't even Madonna's swept away"" can be classified as negative",-1,"The sentence ""this isn't even Madonna's swept away"" appears to be incomplete and lacks context."
0,0,"The sentiment in the given sentence can be classified as mixed, but leaning negative. 

Here's the",0,The sentiment expressed in the given sentence has a mixed tone but leans more towards a negative sentiment. Here,0,The sentiment in this statement appears to be negative overall. The first part praises the experience of attending a,-1,"The sentiment of the given statement can be analyzed as follows:

1. ""the experience of going to",-1,"The given sentence can be broken down into two parts:

1. ""the experience of going to a"
0,0,"The sentiment in this sentence appears to be negative. The phrase ""rueful laughter"" suggests that",0,"The sentiment expressed in the sentence appears to be negative. The use of words like ""rueful",0,"The sentiment in the given sentence appears to be negative. The phrase ""rueful laughter"" suggests",-1,"The sentiment of the statement ""American Chai encourages rueful laughter at stereotypes only an Indian-American would",-1,"To classify this sentence, we need to analyze its connotations and the emotions it evokes.

The"
1,1,"The sentiment for the given sentence is positive. The use of words like ""delightful,"" """,1,"The sentiment expressed in the sentence is positive. The phrase ""delightful blend"" indicates enjoyment and",1,"Positive

The phrase ""delightful blend"" indicates a positive sentiment towards the movie ""My Big",-1,"The sentiment of the statement ""my big fat greek wedding uses stereotypes in a delightful blend of sweet",1,"This sentence can be classified as positive. The phrase ""delightful blend"" indicates a favorable opinion"
1,1,"The sentiment in the sentence ""a magnificent drama well worth tracking down"" is positive. The use of",1,"The sentiment expressed in the sentence ""a magnificent drama well worth tracking down"" is positive. The use",1,"The sentiment in the given statement is positive. The phrase ""magnificent drama"" and the recommendation",1,"The sentiment of the statement ""... a magnificent drama well worth tracking down."" is positive. The words """,1,"This sentence expresses a positive sentiment. The words ""magnificent"" and ""well worth tracking down"
1,1,"The sentiment in this sentence is positive. The phrase ""masterpiece"" and the statement that it is",1,"The sentiment expressed in the sentence is positive. The use of the word ""masterpiece"" and the",1,"Positive

This statement expresses a positive sentiment towards Oscar Wilde's play ""The Importance of Being Earnest",-1,"The sentiment of the statement ""Oscar Wilde's masterpiece, The Importance of Being Earnest, may",1,"This sentence expresses a positive sentiment. The phrase ""may be the best"" indicates a highly favorable opinion"
1,1,"The sentiment in this sentence can be classified as positive. The use of words like ""gentle humor",1,"The sentiment expressed in this sentence is predominantly positive. The key phrases that indicate a positive sentiment include """,1,"The sentiment in the given description is predominantly positive. The phrases ""gentle humor,"" ""bitters",1,"The sentiment of the given statement can be classified as positive. The key elements that indicate this are:

",1,"The given sentence expresses a predominantly positive sentiment. Here's why:

- ""loosely autobiographical"
1,1,"The sentiment of the sentence ""but it still jingles in the pocket"" is generally positive. The",-1,"The sentiment expressed in the sentence ""but it still jingles in the pocket"" can be considered neutral",1,"The sentiment of the sentence ""but it still jingles in the pocket"" is slightly positive or neutral",-1,"The sentiment of the statement ""but it still jingles in the pocket"" can be interpreted as slightly",1,"The sentence ""but it still jingles in the pocket"" is neutral rather than expressing a clear positive"
1,1,"The sentiment in this sentence is mixed, leaning slightly positive. The phrase ""demented kitsch",1,The sentiment expressed in the given sentence can be considered mixed but leaning slightly positive. Here's an analysis,1,"The sentiment in this review can be considered mixed, leaning slightly positive. Here's why:

- The",1,"The sentiment of the given statement can be classified as mixed, leaning slightly towards positive. Here's a",1,"The given sentence contains both positive and negative sentiments, but overall, it leans more towards a positive assessment"
0,0,"The sentiment in this sentence is clearly negative. The phrase ""utterly diabolical"" and the",0,"The sentiment expressed in the given sentence is negative. The sentence criticizes the script harshly, suggesting",0,"The sentiment of the given sentence is negative. The phrase ""utterly diabolical"" indicates a",0,"The sentiment of the given statement is clearly negative. The phrase ""utterly diabolical"" and",0,"The sentence you provided expresses a negative sentiment. The phrase ""utterly diabolical"" and the"
1,1,"The phrase ""one from the heart"" is generally considered to have a positive sentiment. It implies that",1,"The phrase ""one from the heart"" generally has a positive sentiment. It suggests something that comes from",1,"The phrase ""one from the heart"" generally has a positive sentiment. It suggests authenticity and genuinen",1,"The phrase ""one from the heart"" generally carries a positive sentiment. It suggests authenticity, sincerity,",1,"The phrase ""one from the heart"" generally implies authenticity and sincerity, which are associated with positive sentiments"
0,-1,"The sentiment of the sentence ""made with no discernible craft and monstrously sanctimonious in dealing",0,"The sentiment expressed in the sentence is negative. The use of words like ""no discernible craft""",0,"The sentiment expressed in the given statement is negative. The phrase ""made with no discernible craft""",-1,"The sentiment of the statement ""made with no discernible craft and monstrously sanctimonious in dealing",-1,"The sentence ""made with no discernible craft and monstrously sanctimonious in dealing with childhood loss"
1,1,"The sentiment in the sentence ""people cinema at its finest"" is positive. The phrase ""at its",1,"The sentiment expressed in the sentence ""people cinema at its finest"" appears to be positive. The phrase",1,"The sentiment expressed in the phrase ""people cinema at its finest"" is positive.

This statement suggests that",1,"The sentiment of the statement ""people cinema at its finest"" is generally positive. The phrase suggests that",1,"The sentence ""people cinema at its finest"" expresses a positive sentiment. The phrase ""at its finest"
1,1,The sentiment in this sentence can be classified as positive. The sentence expresses appreciation for how the movie manages,1,The sentiment expressed in this sentence can be considered positive. The sentence highlights a surprising aspect of the film,1,"The sentiment of the given sentence is positive.

This can be deduced from several aspects:
1.",1,"The sentiment of the given statement can be classified as positive.

Here's a breakdown of why:

1",1,"This sentence can be classified as positive. The key phrases that indicate this sentiment are ""still manage to"
0,-1,"The sentiment in the sentence ""and when you're talking about a slapstick comedy, that's a",-1,"The sentiment expressed in the sentence ""and when you're talking about a slapstick comedy, that's",0,"The sentiment in the given sentence appears to be negative. The phrase ""pretty big problem"" indicates an",-1,"To analyze the sentiment of the given statement ""and when you're talking about a slapstick comedy,",-1,"The sentence ""and when you're talking about a slapstick comedy, that's a pretty big problem"
1,1,"The sentiment in this sentence appears to be positive. The phrase ""no heartstring untugged"" suggests",1,"The sentiment expressed in this sentence appears to be predominantly positive. The phrase ""a working class 'us",1,"The sentiment expressed in the given sentence is positive. The phrase ""no heartstring untugged"" indicates",-1,"The sentiment of the statement can be analyzed as follows:

- ""Working class 'us vs. them",-1,"To classify this sentence, let's break it down:

- The phrase ""working class"" suggests that"
0,0,"The sentiment of the given sentence is negative. The phrase ""brutally unsentimental""",0,"The sentiment expressed in the given sentence is negative. The use of words like ""brutally uns",0,"The sentiment in this sentence is negative. The phrase ""brutally unsentimental approach""",0,"The sentiment of the given statement is clearly negative. The phrase ""brutally unsentimental",0,"The given sentence contains mixed sentiments but leans more towards negative. The phrase ""brutally unsent"
0,0,"The sentiment in the sentence ""one long string of cliches"" is negative. The use of the",0,"The sentiment expressed in the sentence ""one long string of cliches"" is negative. The use of",0,"Negative

The phrase ""one long string of cliches"" suggests repetition and overuse of common expressions",0,"The sentiment of the statement ""one long string of cliches"" can be classified as negative. The",0,"The sentence ""one long string of cliches"" can be classified as negative. Clichés are"
0,0,"The sentiment in this sentence can be considered slightly negative. The phrase ""something's just a little off",0,"The sentiment expressed in the sentence can be considered slightly negative. The phrase ""everything's in place""",0,"The sentiment expressed in the given sentence leans more towards negative. The phrase ""something's just a little",0,"The sentiment of this statement can be classified as slightly negative. The phrase ""everything's in place but",0,"The given sentence expresses a mixed sentiment, leaning more towards a negative one. While it acknowledges that """
1,-1,"The sentiment of the sentence ""it's hard to imagine Alan Arkin being better than he is in",1,The sentiment expressed in the sentence is positive. The statement suggests that Alan Arkin's performance is already,-1,"The sentiment expressed in the sentence ""it's hard to imagine Alan Arkin being better than he is",-1,"To analyze the sentiment of the statement ""it's hard to imagine Alan Arkin being better than he",1,The sentence can be classified as positive. The statement suggests that Alan Arkin's performance is already very
1,-1,"The sentiment in the sentence ""the film will play equally well on both the standard and giant screens""",-1,"The sentiment expressed in the sentence ""the film will play equally well on both the standard and giant screens",1,"The sentiment of the given sentence is positive.

The sentence suggests that the film will have an equal level",-1,"The sentiment of the statement ""the film will play equally well on both the standard and giant screens""",-1,"The given sentence ""the film will play equally well on both the standard and giant screens"" is neutral"
1,1,"The sentiment in this sentence is positive. The words ""fun"" and ""cool presence of Jean Reno",1,"The sentiment expressed in the sentence is positive. The use of words like ""fun"" and ""cool",1,"The sentiment in this sentence is positive. The phrase ""fun little timewaster"" indicates enjoyment and",1,"The sentiment of the statement is generally positive. It describes the subject as ""fun"" and a """,1,"The sentence can be classified as positive. The words ""fun"" and ""cool presence of Jean Reno"
0,1,"The sentence ""something like scrubbing the toilet"" is neutral and does not inherently convey a positive or",-1,"The sentiment of the sentence ""something like scrubbing the toilet"" alone is neutral and does not express",-1,"The phrase ""scrubbing the toilet"" is generally considered to be a neutral activity. It can",-1,"The statement ""something like scrubbing the toilet"" is neutral in sentiment. It's a vague reference",1,"The sentence ""something like scrubbing the toilet"" does not inherently express a positive or negative sentiment on"
0,0,"The sentiment in this sentence is negative. The criticism of the characters being ""less worthy of Pucc",0,The sentiment expressed in the given sentence is negative. The sentence criticizes both the melodrama and the,0,The sentiment expressed in the given sentence is negative. The criticism targets both the melodrama and the characters,-1,"To analyze the sentiment of the given statement, let's break down its components:

1. **""",0,"The given sentence contains mixed sentiments and leans more towards negative. Here's the breakdown:

- ""there"
1,1,"The sentiment in this sentence is positive. Despite acknowledging that it may not be the ""best"" of",1,The sentiment expressed in the given sentence is predominantly positive. Despite acknowledging that the movie might not be the,1,"The sentiment in the given statement is positive. While the statement acknowledges that it may not be the """,1,The sentiment of the given statement can be classified as positive. The key phrases that indicate this sentiment are,1,"The given sentence contains both positive and negative sentiments, but overall it leans more towards a positive evaluation."
0,0,"The sentiment in the given sentence is negative. The sentence expresses criticism towards movies about college, suggesting that",0,The sentiment expressed in the given sentence is negative. The sentence criticizes movies about college that are produced,0,The sentiment in the given statement is negative. The statement criticizes movies about college that are made by,0,The sentiment of the given statement is negative. The statement criticizes movies about college that are directed and,0,The sentence expresses a negative sentiment. It criticizes movies about college that are written and directed by individuals
1,0,"The sentiment of this sentence can be classified as mixed, leaning slightly negative. Here's why:

-",0,"The sentiment expressed in this sentence is mixed, leaning slightly negative. The key phrases that indicate a negative",0,"The sentiment of the given sentence can be considered as mixed, leaning slightly negative. Here's a breakdown",-1,"To analyze the sentiment of this statement, let's break it down:

1. **""grimy",1,"The given sentence contains both positive and negative elements, but overall, it leans more towards a negative sentiment"
0,0,"The sentiment in this sentence is negative. The phrase ""gaudy bag of stale candy"" and the",0,"The sentiment expressed in the sentence is negative. The use of words like ""gaudy,"" ""st",0,"The sentiment expressed in the given sentence is negative. The words ""gaudy,"" ""stale candy",-1,"The sentiment of the statement ""the result is a gaudy bag of stale candy, something from",-1,"The sentence ""the result is a gaudy bag of stale candy, something from a Halloween that"
1,-1,"The sentiment of the sentence ""it's a lovely film with lovely performances by Buell and Accorsi",1,"The sentiment expressed in the sentence is positive. The use of words like ""lovely"" twice (""",1,"The sentiment of the given statement is positive. The use of words like ""lovely"" to describe",-1,"The sentiment of the statement ""it's a lovely film with lovely performances by Buñuel and Acc",1,"This sentence expresses a positive sentiment. The words ""lovely"" are used twice to describe both the"
1,1,"The sentiment in this sentence appears to be mixed, leaning more towards positive. The key phrases ""something",-1,"To analyze the sentiment of this sentence, let's break it down:

1. **""there '",1,"The sentiment in this statement leans positive. The phrase ""something auspicious, and daring"" suggests an",-1,"To analyze the sentiment of this statement, let's break it down:

1. ""There's something",1,"The given sentence contains both positive and negative elements, but overall it leans more towards a positive sentiment."
0,-1,"The sentiment of the sentence ""movie fans, get ready to take off... the other direction."" is",-1,"The sentiment of the sentence ""movie fans, get ready to take off... the other direction"" appears",-1,"The given phrase ""movie fans, get ready to take off... the other direction"" seems to have",-1,"The sentiment of the statement ""movie fans, get ready to take off... the other direction."" is",-1,"The given sentence ""movie fans, get ready to take off... the other direction"" does not clearly"
0,0,The sentiment in this sentence can be classified as mildly negative. While the sentence acknowledges that the film has,0,"The sentiment expressed in the sentence is mixed but leans slightly negative. Here's a breakdown:

- """,0,"The sentiment of the given statement is negative.

The statement suggests that while the film may have ""good",0,"The sentiment of the statement can be classified as slightly negative. The phrase ""lacks everything except good",0,"The given sentence can be classified as having a slightly negative sentiment. While it acknowledges ""good intentions,"""
1,1,"The sentiment in this sentence can be classified as mixed but leaning towards positive. Here's an analysis:

",1,"The sentiment expressed in this sentence can be considered mixed but leaning towards positive. Here's a breakdown:

",1,"The sentiment of this statement leans more towards positive. Here's why:

- The phrase ""soaring",-1,"To analyze the sentiment of this statement, let's break it down:

1. **Initial Criticism",1,"The given sentence contains both positive and negative elements, but overall it leans more towards a positive sentiment."
1,1,"The sentiment in the sentence is positive. The use of words like ""accessible"" and ""touching",1,"The sentiment expressed in the sentence is positive. The words ""accessible"" and ""touching to the",1,"Based on the description provided, the sentiment appears to be positive. The phrase ""accessible and touching to",-1,"The sentiment of the statement ""a film about a young man finding god that is accessible and touching to",-1,"The sentence ""a film about a young man finding god that is accessible and touching to the marrow"""
1,0,"The sentiment of this sentence can be considered as slightly negative. The phrase ""withering effects"" suggests",1,"The sentiment expressed in this sentence appears to be predominantly positive. The key terms ""compelling"" and",0,"Negative

The sentiment expressed in this statement is negative. The use of words like ""withering",-1,"To analyze the sentiment of the given statement, let's break down its key elements:

1. **",-1,"To classify the sentiment of this sentence, we need to consider the key elements and tone:

1."
1,1,"The sentiment in this sentence can be classified as positive. The use of words like ""infectious",1,"The sentiment expressed in the sentence is positive. The use of words like ""infectious,"" """,1,"Based on the given sentence, the sentiment appears to be positive. The phrase ""infectious cultural",-1,"The sentiment of the statement ""an infectious cultural fable with a tasty balance of family drama and fren",1,"The sentence can be classified as positive. The use of words like ""infectious,"" ""t"
0,0,"The sentiment in the sentence ""I don't think I laughed out loud once"" is negative. The",0,"The sentiment expressed in the sentence ""I don't think I laughed out loud once"" is negative.",0,"The sentiment of the sentence ""I don't think I laughed out loud once"" is negative. The",0,"The sentiment of the statement ""I don't think I laughed out loud once"" is negative. The",0,"The sentence ""I don't think I laughed out loud once"" expresses a negative sentiment. The phrase"
0,1,"The sentiment of this sentence is negative. The reviewer highlights several positive aspects like ""very special effects""",1,"The sentiment expressed in this sentence is predominantly negative. The sentence highlights several positive aspects of the film,",0,"Based on the given review, the sentiment appears to be negative. The reviewer praises certain aspects like """,0,"The sentiment of this statement is negative. The phrase ""giant Achilles' heel"" suggests a significant",1,"The given sentence contains mixed sentiments. It starts with positive elements praising ""very special effects"" and """
1,-1,"The sentiment in this sentence can be classified as mixed. 

While the sentence acknowledges that the film may",1,"The sentiment expressed in the given sentence can be considered mixed but leaning towards positive. 

The first part",1,"The sentiment in the given statement can be classified as **positive**. 

While the statement acknowledges that",1,"The sentiment of this statement can be classified as mixed, leaning slightly towards positive.

Here's the breakdown",1,"The sentence contains both positive and negative elements, but overall it leans more towards a positive sentiment. It"
1,1,"The sentiment in the sentence ""it's a beautiful madness"" can be classified as positive. The phrase",1,"The sentiment expressed in the sentence ""it's a beautiful madness"" can be considered positive. The term",1,"The sentiment of the phrase ""it's a beautiful madness"" is positive. The word ""beautiful""",1,"The statement ""It's a beautiful madness"" has a positive sentiment. The word ""beautiful"" indicates",-1,"The sentence ""it's a beautiful madness"" can be interpreted in different ways depending on the context,"
0,0,"The sentiment in this sentence is negative. The phrase ""tired and drained"" and the desire to",0,"The sentiment expressed in the given sentence is negative. The phrases ""tired and drained"" and the",0,"The sentiment in the given sentence is negative. The phrase ""tired and drained"" and the desire",0,"The sentiment of the given statement is negative. The phrases ""tired and drained"" and the desire",0,"The sentence expresses a negative sentiment. The phrases ""tired and drained"" and the desire to """
0,0,"The sentiment in this sentence can be classified as negative. The phrase ""not really bad so much as",0,"The sentiment expressed in the given sentence can be interpreted as having a slightly negative tone, but with a",0,"The sentiment in the given statement can be considered negative. The phrase ""distasteful"" directly indicates",0,"The sentiment of this statement can be classified as negative.

Let's break down the components:

1.",1,"The given sentence contains both positive and negative sentiments, but it leans more towards a negative overall impression."
0,0,"The sentiment in the given sentence is negative. The phrase ""pretty miserable"" and the criticism of the",0,"The sentiment expressed in the given sentence is negative. The phrase ""pretty miserable"" and the criticism of",0,"Based on the given sentence, the sentiment is negative. The phrase ""pretty miserable"" indicates a poor",0,"The sentiment of the given statement can be classified as negative. The phrase ""pretty miserable"" indicates dissatisfaction",0,"The sentence can be classified as negative. The use of words like ""miserable"" and phrases"
1,0,"The sentiment of the sentence is slightly negative. The phrase ""inherent conflict"" suggests a tension or",0,"The sentiment expressed in the sentence can be considered somewhat negative. The phrase ""inherent conflict"" suggests",0,"The sentiment in this statement appears to be negative. The author highlights the ""inherent conflict"" between",-1,"To analyze the sentiment of this statement, let's break down its key elements:

1. **C",1,"The given sentence contains both positive and negative elements, but overall it leans towards a negative sentiment. Here"
1,1,"The sentiment in the sentence ""one of the most significant moviegoing pleasures of the year"" is positive",-1,"The sentiment expressed in the sentence ""one of the most significant moviegoing pleasures of the year"" is",1,"Positive

The phrase ""one of the most significant moviegoing pleasures of the year"" indicates a highly",1,"The sentiment of the statement ""one of the most significant moviegoing pleasures of the year"" is positive",1,"The sentence ""one of the most significant moviegoing pleasures of the year"" expresses a positive sentiment."
0,0,"The sentiment in this sentence is negative. The phrase ""prurient playthings aside"" suggests that",-1,"The sentiment expressed in the sentence ""prurient playthings aside, there's little to love about",0,"The sentiment of the given sentence is negative. The phrase ""little to love"" indicates a lack of",-1,"The sentiment of the statement ""prurient playthings aside, there's little to love about this",-1,"The sentence ""prurient playthings aside, there's little to love about this English trifle"
1,-1,"The sentiment of the sentence ""a grimly competent and stolid and earnest military courtroom drama"" can",-1,"The sentiment expressed in the sentence ""a grimly competent and stolid and earnest military courtroom drama""",0,"The sentiment of the given phrase is negative.

The words ""grimly"", ""stolid"", and",-1,"The sentiment of the statement ""a grimly competent and stolid and earnest military courtroom drama"" can",-1,"The given sentence ""a grimly competent and stolid and earnest military courtroom drama"" contains mixed sentiments"
0,0,"The sentiment in the sentence ""at once half-baked and overheated"" is negative. The terms",0,"The sentiment expressed in the sentence ""at once half-baked and overheated"" is negative. 

",0,"The sentiment of the phrase ""at once half-baked and overheated"" is negative.

This phrase",0,"The statement ""at once half-baked and overheated"" expresses a negative sentiment. 

- """,-1,"The sentence ""at once half-baked and overheated"" contains mixed sentiments but leans more towards a"
1,0,"The sentiment of the sentence can be considered somewhat negative. The phrase ""looking for residuals"" implies that",0,The sentiment expressed in this sentence appears to be negative. The key phrases that contribute to this sentiment are,0,"The sentiment in the given sentence is negative. The phrase ""looking for residuals"" implies a cynical or",-1,"To analyze the sentiment of this statement, let's break down its components:

1. **""the",0,"The sentiment of the given sentence can be interpreted as negative. The phrase ""looking for residuals"" implies"
1,1,"The sentiment in this sentence is positive. The phrase ""does a good job"" indicates a positive assessment",1,"The sentiment expressed in the sentence is positive. The phrase ""does a good job"" indicates a favorable",1,"The sentiment expressed in the given sentence is positive. The phrase ""does a good job"" indicates approval",1,"The sentiment of the statement can be classified as positive. The phrase ""does a good job"" indicates",1,"The sentence can be classified as positive. The phrase ""does a good job"" indicates a favorable opinion"
1,1,"The sentiment in this sentence can be classified as positive. The words ""refreshingly"" and the overall",1,"The sentiment expressed in the given sentence can be considered as predominantly positive. The words ""refreshingly""",1,"The sentiment expressed in the given phrase can be considered **positive**. The words ""refreshingly literary",1,The sentiment of this statement can be classified as positive. The key phrases that indicate a positive sentiment are,1,"The given sentence contains mixed sentiments but leans more towards a positive one. The words ""provocatively"
1,1,"The sentiment in this sentence can be classified as positive. The phrase ""this is the same movie you",1,"The sentiment expressed in the given sentence can be considered as slightly positive. The phrase ""this is the",1,The sentiment expressed in the given statement is positive. The reviewer indicates that aside from some minor adjustments or,-1,"To analyze the sentiment of the given statement, let's break it down:

1. ""Aside from",1,"This sentence can be classified as positive. It suggests that the movie, despite possibly having some minor improvements"
0,0,"The sentiment expressed in this sentence is negative. The phrase ""makes a fatal mistake"" suggests criticism,",0,"The sentiment expressed in this sentence is negative. The phrase ""makes a fatal mistake"" sets a negative",0,"The sentiment of the given statement is negative.

This can be inferred from the phrase ""makes a fatal",0,The sentiment of the statement can be classified as negative. The statement criticizes the film for asking viewers,0,"The sentence contains a critical tone and expresses a negative sentiment. The phrase ""makes a fatal mistake"""
0,-1,"The sentiment of the sentence ""a valueless kiddie paean to pro basketball underwritten by the",-1,"The sentiment expressed in the sentence ""a valueless kiddie paean to pro basketball underwritten by",0,"The sentiment of the given sentence is negative. The phrase ""valueless"" indicates a lack of worth",-1,"The sentiment of the statement ""a valueless kiddie paean to pro basketball underwritten by the",-1,"The sentence ""a valueless kiddie paean to pro basketball underwritten by the NBA"" expresses"
1,1,"The sentiment in this sentence is mixed but leans slightly positive. The key phrases that indicate this are:

",1,"The sentiment expressed in this sentence leans more towards positive. The sentence highlights that the film ""gets great",1,"Based on the description provided, the sentiment appears to be positive. The film ""gets great laughs""",1,"The sentiment of this statement can be classified as positive. 

Let's break it down:

1.",1,"This sentence can be classified as positive. The key phrases that indicate a positive sentiment are:

- """
0,0,The sentiment expressed in the sentence is clearly negative. The sentence criticizes the quality of the content being,0,"The sentiment expressed in the given sentence is negative. The sentence criticizes the content as ""weak""",0,The sentiment expressed in the given statement is negative. The reviewer is criticizing a work (likely a film,0,The sentiment of the given statement is negative. The statement expresses disappointment and criticism towards something (likely a,0,"The sentence expresses a negative sentiment. The speaker is criticizing the quality of the content being described, comparing"
0,0,"The sentiment of the sentence ""that's a cheat"" is generally negative. It suggests dishonesty or",0,"The sentiment expressed in the sentence ""that's a cheat"" is generally negative. It implies dishonesty",0,"The sentiment of the phrase ""that's a cheat."" is negative. This phrase is often used to",0,"The sentiment of the statement ""That's a cheat"" is generally negative. It implies disapproval or",0,"The sentence ""that's a cheat"" can be classified as having a negative sentiment. The word """
0,1,"The sentiment in this sentence is mixed, leaning slightly positive. The reviewer points out some negative aspects like",1,"The sentiment expressed in the given sentence can be considered mixed, leaning slightly positive. The sentence acknowledges some",1,"Based on the given review, the sentiment leans more towards positive despite mentioning some negative aspects. Here's",-1,"To analyze the sentiment of this statement, let's break down the components:

1. ""it's",1,"The sentence contains both positive and negative elements, but it leans more towards a positive overall sentiment. Here"
1,1,"The sentence ""it's fun lite"" has a generally positive sentiment. The word ""fun"" is",1,"The sentiment expressed in the sentence ""it's fun lite"" can be interpreted as positive. The use",1,"The sentiment of the phrase ""it's fun lite"" is generally positive. The word ""fun""",-1,"The statement ""it's fun lite"" has a somewhat ambiguous sentiment, but based on the context,",-1,"The phrase ""it's fun lite"" can be interpreted in different ways depending on context, but it"
1,1,"The sentiment in this sentence appears to be mixed but leaning towards positive. The phrase ""shouldn't",1,The sentiment expressed in this sentence can be interpreted as slightly positive. Despite noting that the movie might be,1,"The sentiment of the given sentence is positive. Despite mentioning that it might ""hurt talented young gag",1,"The sentiment of this statement can be classified as slightly positive. The phrase ""otherwise intense, twist-and",1,"This sentence can be classified as positive. The key phrases that indicate this sentiment are ""shouldn't"
1,1,"The sentiment in this sentence is positive. The phrase ""artfully bends technical know-how to the service",1,The sentiment expressed in the sentence is positive. The sentence praises David Fincher's ability to skillfully,1,"The sentiment in this statement is positive. The phrase ""artfully bends technical know-how to the service",1,The sentiment of the statement can be classified as positive. The statement praises Fincher's ability to use,1,"This sentence expresses a positive sentiment. The phrase ""artfully bends technical know-how to the service of"
0,0,"The sentiment of the sentence is negative. The phrase ""no good jokes, no good scenes"" and",0,The sentiment expressed in the given sentence is negative. The sentence criticizes the film for lacking good jokes,0,The sentiment expressed in this statement is negative. The reviewer is criticizing the film for having poor jokes and,0,"The sentiment of this statement is clearly negative. The statement criticizes multiple aspects of the film, including",0,"Based on the given sentence, this is clearly a negative sentiment. The sentence criticizes the film for"
1,1,"The sentiment in this sentence can be classified as positive. The phrase ""fitfully amusing"" suggests a",1,"The sentiment expressed in this sentence can be considered mixed but leans slightly positive. 

- ""Fitfully",1,"The sentiment of the given sentence is positive. While it acknowledges that the work might be ""fitfully",1,"The sentiment of the statement can be classified as positive. The phrase ""fitfully amusing"" suggests that",1,"The sentence can be classified as having a positive sentiment. It describes the work as ""fitfully amusing"
0,0,"The sentiment in this sentence is negative. The key phrases that indicate a negative sentiment include ""not original",0,The sentiment expressed in the given sentence is negative. The sentence criticizes the work for being unoriginal,0,"The sentiment expressed in the given sentence is negative. The phrase ""not original"" and the implication that",0,The sentiment of this statement can be classified as negative. The key phrases that indicate a negative sentiment include,0,The given sentence expresses a negative sentiment. It criticizes the work for being unoriginal and lacking humor
0,1,The sentiment in this sentence can be classified as negative. The sentence highlights some positive aspects (acclaimed,0,"The sentiment expressed in the given sentence is negative. The sentence highlights several criticisms of the movie ""Moon",0,The sentiment in this statement is negative. The reviewer points out several aspects that do not meet their expectations,0,The sentiment of the given statement can be classified as negative. The statement highlights some aspects that are generally,1,"The sentence contains both positive and negative sentiments, but it leans more towards a negative overall assessment. Here"
1,1,"The sentiment of the sentence is positive. The words ""tender,"" ""witty,"" ""capt",1,"The sentiment expressed in the sentence is positive. The words ""tender,"" ""witty,"" """,1,"The sentiment of the given statement is positive. The words ""tender,"" ""witty,"" """,1,"The sentiment of the statement is positive. The words ""tender,"" ""witty,"" ""capt",1,"The sentence is positive. The words ""tender,"" ""witty,"" ""captivating,"" and"
0,0,"The sentiment in this sentence is negative. The criticism directed at the film's approach, described as """,0,"The sentiment expressed in this sentence is negative. The key indicators are:

1. ""so mired",0,"The sentiment of this statement is negative. The phrase ""so mired in juvenile and near-xen",0,The sentiment of this statement is negative. The criticism focuses on what the speaker perceives as the film,0,"The sentence contains mixed sentiments, but with a predominantly negative tone. The phrase ""so mired in"
0,0,"The sentiment in the sentence appears to be negative. The phrase ""thirsty for reflection"" can",-1,"The sentiment expressed in the sentence ""this film seems thirsty for reflection, itself taking on adolescent qualities""",-1,"The sentiment expressed in the phrase ""this film seems thirsty for reflection, itself taking on adolescent qualities""",-1,"To analyze the sentiment of this statement, let's break down its components:

- ""thirsty",-1,"The sentence ""this film seems thirsty for reflection, itself taking on adolescent qualities"" contains elements that can"
0,0,"The sentiment in this sentence appears to be negative. The phrase ""might have more homosexual undertones""",0,"The sentiment expressed in this sentence seems to be slightly negative. The comparison of ""Nickleby""",0,"The sentiment expressed in the given statement appears to be negative. The comparison of ""Nickleby""",-1,"To analyze the sentiment of this statement, let's break it down:

1. ""Nickelby",-1,"The sentence you provided is somewhat ambiguous and could be interpreted in different ways. However, without additional context"
1,1,"The sentiment in this sentence appears to be positive. The use of words like ""tantalizes""",1,"The sentiment expressed in the sentence appears to be positive. The phrase ""tantalizes"" suggests intrigue",1,"The sentiment in this sentence appears to be positive. The use of words like ""tantalizes""",-1,"To analyze the sentiment of the given statement, let's break it down:

- ""Tantalizes",-1,"The sentence ""Bogdanovich tantalizes by offering a peep show into the lives of the"
0,0,"The sentiment in this sentence appears to be negative. The phrase ""obscured"" suggests a sense",0,The sentiment expressed in this sentence is negative. The sentence criticizes the use of a stationary camera and,0,"The sentiment in this statement leans more towards negative. The phrase ""obscured"" suggests that something",-1,"To analyze the sentiment of this statement, let's break it down:

1. The phrase ""the",1,"The given sentence contains elements of both positive and negative sentiment, but it leans more towards a negative one"
0,0,"The sentiment in this sentence can be classified as mixed, leaning slightly negative. The sentence acknowledges that Ir",0,"The sentiment expressed in the given sentence is mixed, leaning slightly negative. The sentence acknowledges that Irwin",0,The sentiment in the given sentence leans more towards negative. While it acknowledges Irwin's charisma and aud,0,"The sentiment of the given statement can be classified as mixed or slightly negative. 

Let's break down",1,"The sentence contains both positive and negative elements, but overall it leans more towards a negative sentiment. Here"
1,1,"The sentiment in this sentence is positive. The phrase ""rare luminary"" and the statement that",1,"The sentiment expressed in the sentence is positive. The phrase ""rare luminary"" indicates admiration and",1,"The sentiment for the given sentence is positive.

This statement praises Griffiths for consistently raising the standards in",-1,"The sentiment of the statement ""Griffiths proves she's that rare luminary who continually raises",1,"The sentence can be classified as positive. The phrase ""rare luminary"" suggests someone who is"
1,1,"The sentiment in the sentence ""just as moving, uplifting and funny as ever"" is positive. The",1,"The sentiment expressed in the sentence ""just as moving, uplifting and funny as ever"" is positive.",1,"The sentiment expressed in the phrase ""just as moving, uplifting and funny as ever"" is positive.",1,"The sentiment of the statement ""just as moving, uplifting and funny as ever"" is clearly positive.",1,"The sentence ""just as moving, uplifting and funny as ever"" expresses a positive sentiment. The words"
1,1,"The sentiment in the sentence ""enormously entertaining for moviegoers of any age"" is positive",-1,"The sentiment expressed in the sentence ""enormously entertaining for moviegoers of any age"" is",-1,"The sentiment expressed in the phrase ""enormously entertaining for moviegoers of any age"" is",1,"The sentiment of the statement ""enormously entertaining for moviegoers of any age"" is positive",1,"The sentence ""enormously entertaining for moviegoers of any age"" expresses a positive sentiment."
1,1,"The sentiment in this sentence is positive. The words ""lean,"" ""deftly shot,"" """,1,The sentiment expressed in the given sentence is positive. The key indicators of this positive sentiment include words like,1,"The sentiment of the given sentence is positive. The phrases ""lean,"" ""deftly shot,""",1,"The sentiment of this statement can be classified as positive. Here's why:

- ""Lean"" suggests",1,"The given sentence expresses a favorable opinion about the thriller. It highlights several positive aspects such as ""lean"
1,1,"The sentiment in the sentence is positive. The phrases ""good script,"" ""good dialogue,"" and """,1,"The sentiment expressed in the sentence is positive. The words ""good"" and ""funny"" indicate",1,"Based on the provided sentence, the sentiment is positive. The phrases ""good script,"" ""good dialogue",-1,"The sentiment of the statement ""this is a good script, good dialogue, funny even for adults""",1,"The given sentence expresses a positive sentiment. The phrases ""good script,"" ""good dialogue,"" and """
0,0,"The sentiment in this sentence is negative. The phrase ""tough time emerging"" suggests difficulty or struggle",0,"The sentiment expressed in this sentence is negative. The phrase ""tough time emerging"" suggests difficulty or",0,"The sentiment of this statement appears to be negative. The phrase ""tough time emerging"" suggests that",-1,"To analyze the sentiment of this statement, let's break down its key components:

1. **Aff",-1,"To classify this sentence, let's break it down:

- The sentence describes the ""affectionate"
1,0,"The sentiment in this sentence can be considered mixed, leaning slightly negative. The phrase ""surreal",0,"The sentiment expressed in the sentence can be considered mixed, leaning towards negative. Here's why:

-",0,"The sentiment of the given statement appears to be mixed, leaning slightly negative. The phrase ""surre",-1,"To analyze the sentiment of this statement, let's break it down:

1. ""surreal",0,"The sentence contains mixed sentiments, but it leans more towards a negative perspective. The use of words like"
0,0,"The sentiment in this sentence appears to be negative. The use of words like ""infantile""",0,"The sentiment expressed in the given sentence is negative. The use of words like ""infantile""",0,"The sentiment in this statement is negative. The use of words like ""infantile"" and the",0,"The sentiment in this statement appears to be negative. The use of words like ""infantile""",-1,"The given sentence contains mixed sentiments. While it acknowledges that ""infantile humor"" can be taken"
0,0,"The sentiment in this sentence is clearly negative. The use of words like ""trash"" and ""ins",0,"The sentiment expressed in the given sentence is negative. The use of words like ""trash"" and phrases",0,"The sentiment of this statement is negative. The use of words like ""trash"" and ""insult",0,"The sentiment of this statement is clearly negative. The phrase ""trash"" and calling it an ""ins",0,"The given sentence expresses a negative sentiment. The use of words like ""trash"" and ""insult"
1,1,"The sentiment of the sentence ""a delightful coming-of-age story"" is positive.",1,"The sentiment expressed in the sentence ""a delightful coming-of-age story"" is positive. The word """,1,"The sentiment of the phrase ""a delightful coming-of-age story"" is positive.",1,"The sentiment of the statement ""a delightful coming-of-age story"" is positive. The word ""del",1,"The sentence ""a delightful coming-of-age story"" expresses a positive sentiment. The word ""delight"
1,1,"The sentiment in this sentence is positive. The phrase ""spellbinding"" indicates that the film is captivating",1,"The sentiment expressed in the sentence is positive. The words ""spellbinding"" and ""condition"" used",1,"The sentiment for the given sentence is positive. The phrase ""spellbinding"" indicates that the film is",1,"The sentiment of this statement can be classified as positive. The words ""spellbinding"" indicate that the",-1,"The sentence ""a spellbinding african film about the modern condition of rootlessness, a state experienced by"
1,1,"The sentiment of the sentence ""a strangely compelling and brilliantly acted psychological drama"" is positive. The words",1,"The sentiment expressed in the sentence ""a strangely compelling and brilliantly acted psychological drama"" is predominantly positive.",1,"The sentiment expressed in the phrase ""a strangely compelling and brilliantly acted psychological drama"" is positive. The",1,"The sentiment of the statement ""a strangely compelling and brilliantly acted psychological drama"" is predominantly positive. The",1,"The sentence ""a strangely compelling and brilliantly acted psychological drama"" expresses a positive sentiment. The words """
0,0,"The sentiment in this sentence is negative. The phrase ""the only excitement comes"" suggests that excitement is",0,"The sentiment expressed in the sentence is negative. The phrase ""the only excitement"" suggests that there isn",0,"The sentiment expressed in the given sentence is negative.

The phrase ""only excitement comes when the credits finally",-1,"The sentiment of the statement ""the only excitement comes when the credits finally roll and you get to leave",0,The given sentence expresses a somewhat negative sentiment. It suggests that the main enjoyment of watching a movie is
0,1,The sentiment in this sentence is mixed. While it mentions two films that are generally considered positive (D,1,"The sentiment expressed in this sentence seems to be mildly positive. The comparison to ""Dawn of the",1,The sentiment in this statement appears to be positive. The comparison suggests that the movie combines elements from two,-1,"To analyze the sentiment of this statement, let's break it down:

- ""dawn of the",-1,"To classify the sentiment of this sentence, let's break down its components:

- ""Dawn of"
1,1,"The sentiment in this sentence appears to be positive. The phrase ""charm"" suggests a pleasant quality",1,"The sentiment expressed in the given sentence is positive. The phrase ""charm"" indicates a positive appreciation for",1,"Positive

This sentence expresses admiration for the film's ability to capture the charm reminiscent of classic American road",-1,"To analyze the sentiment of this statement, let's break down its components:

1. ""it has",1,"This sentence expresses a positive sentiment. The use of words like ""charm"" and phrases such as """
1,1,"The sentiment in this sentence appears to be positive. The words ""exciting"" and ""direct""",1,"The sentiment expressed in the sentence is positive. The words ""exciting,"" ""direct,"" and """,1,"Based on the given sentence, the sentiment appears to be positive. The words ""exciting"" and",-1,"The sentiment of the statement ""exciting and direct, with ghost imagery that shows just enough to keep",-1,"The sentence ""exciting and direct, with ghost imagery that shows just enough to keep us on our"
0,0,"The sentiment of the sentence ""it's a buggy drag"" is negative. The word ""buggy",0,"The sentiment expressed in the sentence ""it's a buggy drag"" is negative. The word ""bug",0,"The sentiment of the phrase ""it's a buggy drag"" is negative. The word ""buggy",0,"The statement ""it's a buggy drag"" has a negative sentiment. The term ""buggy""",-1,"The phrase ""a buggy drag"" can be interpreted in different ways depending on context, but generally,"
1,-1,"The sentiment in the sentence ""it wants to tweak them with a taste of tangy new humor""",-1,"The sentiment in the sentence ""it wants to tweak them with a taste of tangy new humor""",1,"The sentiment in the given sentence is positive. The phrase ""tweak them with a taste of tang",-1,"The sentiment of the statement ""it wants to tweak them with a taste of tangy new humor""",-1,"The sentence ""it wants to tweak them with a taste of tangy new humor"" contains ambiguous terms"
0,0,"The sentiment in this sentence appears to be negative. The phrase ""stiffness"" and the implication",0,"The sentiment expressed in the sentence is negative. The phrase ""stiffness"" and the implication that",0,"The sentiment of the given sentence appears to be negative. The phrase ""stiffness"" in this",-1,"To analyze the sentiment of the given statement, let's break it down:

- ""Late marriage""",0,"The given sentence can be classified as negative. The phrase ""stiffness"" suggests a lack of"
1,1,"The sentiment in this sentence is positive. The phrase ""deftly balances action and reflection"" suggests",1,"The sentiment expressed in the given sentence is positive. The words ""candid and comfortable,"" along with",1,"The sentiment of the given sentence is positive. The phrases ""candid and comfortable"" and the description",1,"The sentiment of the given statement can be classified as positive. The words ""candid and comfortable,""",1,"The given sentence contains both positive and neutral elements, but it leans more towards a positive sentiment overall."
1,1,"The sentiment of the sentence ""a quiet treasure -- a film to be savored"" is positive.",1,"The sentiment expressed in the sentence ""a quiet treasure -- a film to be savored"" is positive",1,"The sentiment expressed in the phrase ""a quiet treasure -- a film to be savored"" is positive",1,"The sentiment of the statement ""a quiet treasure -- a film to be savored"" is positive.",1,"The sentence ""a quiet treasure -- a film to be savored"" expresses a positive sentiment. The"
0,0,"The sentiment in this sentence is negative. The phrase ""leaves no cliche unturned"" suggests",0,"The sentiment expressed in this sentence is negative. The phrase ""leaves no cliche unturned""",0,"The sentiment in the given sentence is negative.

The phrase ""leaves no cliche unturned""",0,"The sentiment of the given statement can be classified as negative. The phrase ""leaves no cliche",1,"The given sentence expresses a positive sentiment. The phrase ""leaves no cliche unturned"" suggests"
0,0,"The sentiment in the given sentence is clearly negative. The language used to describe the movie (""sort of",0,"The sentiment expressed in this sentence is negative. The language used is sarcastic and critical, with phrases",0,The sentiment expressed in this sentence is clearly negative. The language used to describe the film is sarcastic,0,"The sentiment of this statement can be classified as negative. The author uses vivid, albeit harsh, metaph",0,"Based on the language used in the sentence, it appears to express a highly critical and negative view of"
0,0,"The sentiment in the sentence ""teen movies have really hit the skids"" is negative. The phrase",0,"The sentiment expressed in the sentence ""teen movies have really hit the skids"" is negative. The",0,"The sentiment in the phrase ""teen movies have really hit the skids"" is negative. The id",0,"The sentiment of the statement ""teen movies have really hit the skids"" is negative. The phrase",0,"The sentence ""teen movies have really hit the skids"" expresses a negative sentiment. The idiom"
1,1,"The sentiment in this sentence appears to be mixed but leans slightly positive. The phrase ""ambling,",-1,"To determine the sentiment of the sentence, let's break it down:

- ""Woody Allen's",1,"The sentiment in this sentence appears to be positive. The phrase ""broad comedy"" suggests an enjoyable",-1,"To analyze the sentiment of this statement, let's break down its components:

1. **Woody",1,"The given sentence contains both positive and negative sentiments, but overall it leans more towards a positive view of"
1,-1,"The sentiment in the sentence ""it's made with deftly unsettling genre flair"" can be considered",-1,"The sentiment expressed in the sentence ""it's made with deftly unsettling genre flair"" appears to",1,"The sentiment of the phrase ""it's made with deftly unsettling genre flair"" is positive.",-1,"The sentiment of the statement ""it's made with deftly unsettling genre flair"" can be classified",-1,"The sentence ""it's made with deftly unsettling genre flair"" can be classified as having a"
0,0,"The sentiment in this sentence appears to be negative. The phrase ""banality"" suggests mundanity or",0,"The sentiment expressed in the sentence is negative. The phrase ""banality"" implies mundanity or trivial",0,"The sentiment in this statement appears to be negative. The phrase ""shows life in all of its ban",0,"The sentiment of this statement can be considered negative. The phrase ""banality"" implies that despite an",-1,"The sentence ""manages to show life in all of its banality when the intention is quite the"
0,0,"The sentiment in the sentence is negative. The phrase ""ultimately feels empty and unsatisfying""",0,"The sentiment expressed in the sentence is negative. The comparison of feeling ""empty and unsatisfying""",0,The sentiment expressed in the given sentence is negative. The comparison to swallowing a communion wafer without the,0,The sentiment of the given statement is negative. It compares a lack of emotional fulfillment to swallowing a communion,-1,"The sentence ""ultimately feels empty and unsatisfying, like swallowing a communion wafer without the"
1,-1,"The sentiment of the sentence ""collateral damage finally delivers the goods for schwarzenegger fans""",-1,"The sentiment expressed in the sentence ""collateral damage finally delivers the goods for schwarzenegger fans",1,"The sentiment of the given sentence is positive.

The phrase ""finally delivers the goods"" indicates that something",-1,"To analyze the sentiment of the statement ""collateral damage finally delivers the goods for schwarzenegger",-1,"To classify the sentiment of this sentence, we need to consider the context and the connotations of the"
1,1,"The sentiment of the sentence is positive. The words ""giggle-inducing comedy,"" ""sn",1,"The sentiment expressed in the sentence is positive. The use of words like ""giggle-inducing",1,"The sentiment expressed in the given sentence is positive. The words ""giggle-inducing comedy,""",1,"The sentiment of the statement is clearly positive. The key phrases that indicate this are ""giggle",1,"The sentence expresses a positive sentiment. It describes a ""giggle-inducing comedy"" with positive"
0,0,"The sentiment of the sentence is negative. The phrases ""self-important,"" ""plodding,"" """,0,"The sentiment expressed in the given sentence is negative. The use of words like ""self-important,"" """,0,"The sentiment expressed in the given sentence is negative. The phrases ""self-important,"" ""plodding",0,"The sentiment of the statement is negative. The phrase ""self-important and plodding"" indicates criticism",0,"The given sentence expresses a negative sentiment. The use of words like ""self-important,"" ""plod"
1,1,"The sentiment in the sentence ""will amuse and provoke adventurous adults in specialty venues"" is generally positive",-1,"The sentiment expressed in the sentence ""will amuse and provoke adventurous adults in specialty venues"" leans more",1,"The sentiment of the phrase ""will amuse and provoke adventurous adults in specialty venues"" is positive.

",-1,"To analyze the sentiment of the statement ""will amuse and provoke adventurous adults in specialty venues,"" we",1,"The sentence ""will amuse and provoke adventurous adults in specialty venues"" expresses a positive sentiment. It"
0,0,"The sentiment in this sentence appears to be slightly negative. The phrase ""less like storytelling"" and the",0,"The sentiment expressed in the sentence appears to be slightly negative. The phrase ""less like storytelling"" suggests",0,"The sentiment in this sentence appears to be negative. The phrase ""less like storytelling"" suggests a lack",-1,"To analyze the sentiment of this statement, let's break down its components:

- ""sometimes seems less",1,"The given sentence contains elements that could be interpreted as both positive and negative. However, it leans more"
0,0,"The sentiment in the sentence ""but this film lacks the passion required to sell the material"" is negative",-1,"The sentiment expressed in the sentence ""but this film lacks the passion required to sell the material"" is",0,"The sentiment of the given sentence is negative. The phrase ""lacks the passion required"" indicates disappointment",0,"The sentiment of the statement ""but this film lacks the passion required to sell the material"" is negative",0,"The sentence ""but this film lacks the passion required to sell the material"" expresses a negative sentiment."
0,0,The sentiment expressed in this sentence is negative. The speaker is critiquing multiple aspects of something (,0,The sentiment expressed in the given sentence is negative. The sentence criticizes multiple aspects of something (likely,0,The sentiment expressed in this sentence is clearly negative. The speaker is criticizing multiple aspects of something (likely,-1,"To analyze the sentiment of this statement, let's break down its components:

- ""what is ",-1,"To classify the sentiment of this sentence, let's break down its components:

- ""100"
1,-1,"The sentiment in the sentence ""there's a wickedly subversive bent to the best parts of",-1,"The sentiment expressed in the sentence ""there's a wickedly subversive bent to the best parts",-1,"The sentiment in the phrase ""there's a wickedly subversive bent to the best parts of",-1,"The sentiment in the statement ""there's a wickedly subversive bent to the best parts of",-1,"The sentence ""there's a wickedly subversive bent to the best parts of birthday girl"""
0,0,"The sentiment in this sentence is slightly negative. The phrase ""swept under the rug"" typically",-1,"The sentiment of the sentence ""a better title, for all concerned, might be swept under the rug",-1,"The sentiment of the given phrase ""a better title, for all concerned, might be swept under the",-1,"The sentiment of the statement ""a better title, for all concerned, might be swept under the rug",-1,"The sentence ""a better title, for all concerned, might be swept under the rug"" conveys"
0,0,"The sentiment of the sentence ""a wildly inconsistent emotional experience"" is negative. The word ""wildly",0,"The sentiment expressed in the sentence ""a wildly inconsistent emotional experience"" is negative. The word ""wild",0,"The sentiment of the phrase ""a wildly inconsistent emotional experience"" is negative. 

The term ""wild",0,"The statement ""a wildly inconsistent emotional experience"" has a negative sentiment. The word ""wildly""",0,"The sentence ""a wildly inconsistent emotional experience"" can be interpreted as having a slightly negative connotation because"
0,0,"The sentiment in this sentence is negative. The phrase ""worst thing Soderbergh has ever",0,"The sentiment expressed in the sentence is negative. The phrase ""worst thing Soderbergh has",0,"Based on the given sentence, the sentiment appears to be negative. The phrase ""worst thing S",0,The sentiment of the statement can be classified as negative. The statement expresses a strong criticism of the work,0,"The given sentence expresses a negative sentiment. The use of words like ""heavy-handed,"" ""portent"
0,0,"The sentiment in this sentence is negative. The use of words like ""hollow,"" ""monoton",0,"The sentiment expressed in the given sentence is negative. The sentence describes the film as ""monotonous",0,"The sentiment of the given statement is negative. The phrase ""never percolates beyond a monoton",0,"The sentiment of the given statement can be classified as negative.

Let's break down the key components to",1,"The given sentence contains both positive and negative elements, but overall it leans towards a negative sentiment. Here"
0,1,The sentence provided is somewhat neutral in its description of the genre without explicitly indicating a positive or negative sentiment,-1,"The sentiment of the sentence ""an absurdist comedy about alienation, separation and loss"" leans",-1,"The sentiment of the phrase ""an absurdist comedy about alienation, separation and loss"" leans",-1,"The given statement ""an absurdist comedy about alienation, separation and loss"" has a predominantly",-1,"To classify this sentence, we need to consider the connotations of the words and themes mentioned:

-"
1,0,"The sentiment in this sentence appears to be mixed, leaning slightly towards negative. The use of words like",1,The sentiment expressed in this sentence appears to be mixed but leans more towards a positive sentiment. The use,1,"The sentiment of the given sentence appears to be positive. The phrase ""unlikely, but likable,",-1,"To analyze the sentiment of this statement, let's break down its components:

1. **Mafia",1,"The given sentence contains elements that could be interpreted as both positive and negative, but overall it leans more"
1,1,"The sentiment in the sentence ""his healthy sense of satire is light and fun"" appears to be positive",1,"The sentiment expressed in the sentence ""his healthy sense of satire is light and fun"" is generally positive",-1,"Based on the given sentence fragment ""his healthy sense of satire is light and fun"", the sentiment appears",-1,"The sentiment of the statement ""his healthy sense of satire is light and fun"" can be classified as",1,"The given sentence ""his healthy sense of satire is light and fun"" expresses a positive sentiment. The"
1,1,"The sentiment in this sentence is positive. The phrase ""intelligent French drama"" indicates appreciation for the",1,"The sentiment expressed in this sentence is mixed but leans towards positive. Here's a breakdown:

- The",1,"The sentiment in this sentence is positive. The phrase ""intelligent french drama"" suggests admiration for the",-1,"To analyze the sentiment of this statement, let's break it down:

1. **""Trademark American",1,"The sentence contains both positive and negative elements, but the overall tone leans more towards positive. The phrase"
1,0,"The sentiment in this sentence appears to be negative. The phrase ""hostage to fortune"" suggests a",0,"The sentiment expressed in this sentence is negative. The key phrases that indicate this are:

1. """,0,"The sentiment in this statement is negative.

The phrase ""swagging affectation of seriousness"" suggests",-1,"To analyze the sentiment of this statement, let's break down its components:

1. ""Miller is",0,"The given sentence contains mixed sentiments and critical language, which suggests a predominantly negative tone. Here's why"
0,0,"The sentiment in this sentence is mixed but leans slightly negative. The phrase ""but the movie doesn't",0,"The sentiment expressed in the given sentence can be considered mixed, leaning slightly negative. Here's a breakdown",0,"The sentiment expressed in the given sentence is negative. While it acknowledges that the movie has ""thrilling",0,"The sentiment of the given statement can be classified as slightly negative. Here's the analysis:

- """,1,The given sentence can be classified as mixed sentiment rather than purely positive or negative. It contains both positive
0,-1,"The sentence ""part low rent godfather"" does not contain enough context to determine a clear sentiment classification",-1,"The sentence ""part low rent godfather"" does not have a clear sentiment as it appears to be",1,"The phrase ""part low rent godfather"" does not provide enough context to determine a clear positive or",-1,"The statement ""part low rent godfather"" does not contain enough context to accurately determine its sentiment.",-1,"The sentence ""part low rent godfather"" does not form a complete and clear sentiment statement. It"
1,-1,"The sentiment in the sentence ""serry wants to blend politics and drama, an admirable ambition"" is",-1,"The sentiment expressed in the sentence ""serry wants to blend politics and drama, an admirable ambition""",1,"The sentiment in the given sentence appears to be positive. The phrase ""admirable ambition"" indicates",-1,"The sentiment of the statement ""serry wants to blend politics and drama, an admirable ambition"" can",1,"The sentence ""serry wants to blend politics and drama, an admirable ambition"" expresses a positive sentiment"
0,0,"The sentiment expressed in this sentence appears to be negative. The use of words like ""writhing",0,"The sentiment expressed in this sentence is negative. The sentence describes a complex emotional landscape with elements like """,0,"The sentiment of this sentence is negative.

This can be inferred from the list of negative emotions and behaviors",-1,"To analyze the sentiment of this statement, let's break down its key components:

1. **""",-1,"To classify this sentence, we need to analyze its tone and the overall message it conveys. The"
1,-1,"The sentiment in the sentence ""it's fascinating to see how Bettany and McDowell play off each",-1,"The sentiment expressed in the sentence ""it's fascinating to see how Bettany and McDowell play off",-1,"The sentiment in the phrase ""it's fascinating to see how Bettany and McDowell play off each",-1,"The sentiment of the statement ""it's fascinating to see how Bettany and McDowell play off each",-1,"The sentence ""it's fascinating to see how Bettany and McDowell play off each other"" expresses"
1,0,"The sentiment in this sentence can be classified as mixed or slightly negative. 

While the phrase ""a",1,"The sentiment expressed in the sentence can be considered mixed, leaning slightly towards positive. The phrase ""in",1,"The sentiment expressed in the sentence can be considered as mixed or slightly positive. The phrase ""a breath",0,"The sentiment of the statement can be classified as mixed, leaning slightly towards negative.

Let's break down",1,The sentence can be classified as having a positive sentiment. It expresses a favorable opinion by describing the film
1,1,"Based on the given sentence, the sentiment is positive. The phrases ""visually imaginative,"" ""th",1,"The sentiment expressed in the given sentence is positive. The words ""visually imaginative,"" ""thematically",1,"Based on the given description, the sentiment appears to be positive. The phrases ""visually imaginative,""",1,"The sentiment of this statement is clearly positive. The key indicators are:

- ""visually imaginative""
",1,"Based on the given sentence, the sentiment is clearly positive. The key phrases that indicate this are """
1,1,"The sentiment in this sentence is mixed but leans more towards positive. The phrase ""welcome breeziness",1,"The sentiment expressed in the sentence is predominantly positive. The key phrases that indicate this are ""welcome bree",1,"The sentiment of this statement is positive. Despite mentioning that there are ""unbelievably hilarious moments""",1,"The sentiment of this statement can be classified as mixed but leaning towards positive. Here's a breakdown:

",1,"The given sentence contains mixed sentiments, but overall it leans towards a positive sentiment. Here's a breakdown"
1,1,"The sentiment in this sentence appears to be positive. The phrase ""add yet another hat to a talented",1,"The sentiment expressed in the sentence appears to be mixed but leans slightly positive. Here's a breakdown:

",1,"The sentiment in the given statement is positive. The phrase ""add yet another hat to a talented head",-1,"To analyze the sentiment of the given statement, let's break it down:

1. ""add yet",-1,"The sentence ""add yet another hat to a talented head, Clooney's a good director"" contains"
1,1,"The sentiment in this sentence appears to be positive. The phrase ""pleasant enough thing"" indicates a favorable",1,"The sentiment expressed in the given sentence can be considered as positive. The phrase ""pleasant enough thing""",1,"The sentiment in this sentence appears to be positive. The phrase ""pleasant enough thing"" indicates that the",-1,"To analyze the sentiment of the given statement, let's break it down:

1. **Character Roles",1,The given sentence expresses a generally positive sentiment. It describes the characters playing the role of Desmond's legal
1,1,"The sentiment in this sentence is positive. The phrase ""speaks volumes more truth"" suggests a highly",1,"The sentiment expressed in this sentence appears to be positive. The sentence praises Bennett's performance as ""natural",1,"The sentiment in this statement appears to be positive. The phrase ""naturalistic performance speaks volumes more truth",1,"To analyze the sentiment of this statement, let's break it down:

1. **Positive Elements**:",1,This sentence expresses a positive sentiment. The speaker is praising Bennett's performance as being more truthful and valuable
0,1,"The sentiment in this sentence is primarily negative. While the sentence acknowledges some positive aspects like ""inoff",1,"The sentiment expressed in this sentence is predominantly negative. While it acknowledges some positive aspects like ""inoff",0,"Based on the given text, the sentiment appears to be negative. The phrase ""about as exciting as",0,The sentiment of this statement can be classified as negative. The statement criticizes the film's excitement level,0,"The given sentence contains mixed sentiments, but overall it leans more towards negative. Here's a breakdown:

"
0,0,"The sentiment in this sentence is mixed, but leaning slightly negative. The sentence appreciates the authenticity and",0,"The sentiment expressed in this sentence is mixed but leans slightly negative. 

On one hand, the phrase",0,"The sentiment in this statement is mixed, leaning slightly negative. Here's why:

- The phrase """,-1,"To analyze the sentiment of this statement, let's break it down into its key components:

1.",1,"The given sentence contains both positive and negative sentiments. 

**Positive sentiment:** ""genuinely cool"
0,0,"The sentiment of the sentence ""dull, lifeless, and amateurishly assembled"" is negative.",-1,"The sentiment expressed in the sentence ""dull, lifeless, and amateurishly assembled"" is clearly",0,"The sentiment of the given phrase ""dull, lifeless, and amateurishly assembled"" is negative",0,"The sentiment of the statement ""dull, lifeless, and amateurishly assembled"" is clearly negative",0,"The sentence ""dull, lifeless, and amateurishly assembled"" expresses a negative sentiment. The"
1,0,"The sentiment in this sentence can be classified as mixed but leaning slightly negative. Here's the breakdown:

",0,"The sentiment expressed in this sentence can be considered mixed but leaning slightly negative. Here's the breakdown:

",0,"The sentiment expressed in this statement is mixed but leans slightly negative. Here's a breakdown:

- """,-1,"To analyze the sentiment of this statement, let's break down its components:

1. ""McCon",1,"The given sentence contains both positive and negative sentiments. 

Positive sentiment: ""mcconaughey's"
1,0,The sentiment expressed in this sentence can be classified as slightly negative. The reviewer appreciates the film's,0,The sentiment expressed in the given sentence leans more towards a negative sentiment. The sentence appreciates the film,0,The sentiment expressed in the given sentence leans more towards negative. The sentence suggests that while the film might,0,"The sentiment of the given statement can be classified as slightly negative.

Let's break down the key elements",1,"The given sentence contains both positive and negative sentiments, but leans more towards a negative overall impression. Here"
0,0,"The sentiment in the sentence ""has all the depth of a wading pool"" is negative. The",0,"The sentiment expressed in the sentence ""has all the depth of a wading pool"" is negative.",0,"The sentiment expressed in the phrase ""has all the depth of a wading pool"" is negative.",0,"The sentiment of the statement ""has all the depth of a wading pool"" is negative. The",0,"The sentence ""has all the depth of a wading pool"" expresses a negative sentiment. This phrase"
1,1,"The sentiment in the sentence ""a movie with a real anarchic flair"" is generally positive. The",1,"The sentiment expressed in the sentence ""a movie with a real anarchic flair"" can be considered positive",1,"The sentiment expressed in the phrase ""a movie with a real anarchic flair"" is positive. The",1,"The sentiment of the statement ""a movie with a real anarchic flair"" leans towards positive. The",-1,"The sentence ""a movie with a real anarchic flair"" is somewhat ambiguous without more context, but"
0,-1,"The sentiment of the sentence ""a subject like this should inspire reaction in its audience; the pianist",-1,"The sentiment expressed in the sentence ""a subject like this should inspire reaction in its audience; the pian",0,"The sentiment of the given statement is negative.

The statement suggests that a subject (likely a performance or",-1,"To analyze the sentiment of the statement ""a subject like this should inspire reaction in its audience; the",0,The given sentence can be interpreted as having a slightly negative tone. It suggests that the subject (pres
0,-1,"The sentiment in the sentence ""is an arthritic attempt at directing by callie khouri""",-1,"The sentiment expressed in the sentence ""is an arthritic attempt at directing by callie khouri",0,"The sentiment in the given sentence is negative. The phrase ""arthritic attempt"" suggests that the action",-1,"The sentiment of the statement ""... is an arthritic attempt at directing by Callie Khouri...""",0,"The sentence ""is an arthritic attempt at directing by Callie Khouri"" contains a negative"
1,1,"The sentiment of this sentence appears to be positive. The phrase ""could not be improved upon"" indicates",1,"The sentiment expressed in this sentence is positive. The key indicators are:

1. ""looking aristocratic",1,"The sentiment of this sentence is positive. The phrase ""could not be improved upon"" indicates a high",-1,"The sentiment of the given statement can be analyzed as follows:

- ""Looking aristocratic, luminous",1,"The sentence appears to express a very positive sentiment. The key phrases that indicate this are ""exempl"
